S NO,Disease Name
1,11ß-Hydroxylase deficiency
2,"17a Hydroxylase/17,20- lyase deficiency"
3,17-hydroxycorticosteroid
4,"2,4 Dienoyl-CoA Reductase deficiency"
5,"2,4-Dienoyl-CoA reductase"
6,"21-Hydroxylase deficiency,nonclassic form"
7,2-Aminoadipic acidemia
8,2-Ketoglutarate dehydrogenase complex deficiency 
9,2-Oxoadipic acidemia
10,3-Hydroxy-3-methylglutaryl-CoA lyase deficiency
11,3-Hydroxyacyl-CoA dehydrogenase deficiency HADH de
12,3-Hydroxyisobutyric aciduria
13,3-methyl-crotonyl-glycinuria
14,"3-methylglutaconic aciduria type II, X-linked "
15,3-Phosphoglycerate dehydrogenase (3-PGDH) deficiency   
16,"3ß-Hydroxysteroid dehydrogenase deficiency, classic form"
17,"46,XY disorders of sex development (Disorders related to androgen excess)"
18,"4-Aminobutyrate aminotransferase deficiency, GABA-"
19,5-nucleotidase deficiency
20,6-pyruvoyl-tetrahydropterin synthase deficiency
21,Aasymptomatic ventricular arrhythmia
22,abdominal Hernias
23,abdominal tuberculosis
24,Abnormal sweat odour (bromhidrosis)
25,abnormal uterine bleeding
26,Abortion
27,absence seizures
28,ACALCULOUS CHOLECYSTITIS
29,Acanthomas
30,Acetyl-CoA-acetyltransferase deficiency (3-Ketothi
31,ACHALASIA
32,Achenbach syndrome
33,achlorhydria
34,Achondroplasia
35,acinar cell carcinoma
36,acinar cell cystadenocarcinoma
37,Acinic cell carcinoma
38,Acne mechanica
39,Acne vulgaris
40,acoustic neuroma
41,Acquired generalized lipodystrophy
42,Acquired partial lipodystrophy
43,Acquired perforating dermatosis
44,Acrocyanosis
45,acrocyanosis
46,Acrodermatitis chronica atrophicans
47,acrodynia (Pink disease)
48,Acromegaly
49,Acropustulosis
50,Actinic cheilitis (solar cheilosis)
51,Actinic elastosis
52,Actinic granuloma and annular elastolytic giant cell granuloma
53,"Actinic keratosis:  Arsenical keratosis, PUVA kera"
54,Actinic prurigo
55,Actinomycosis dermatology
56,ACTINOMYCOSIS OF BREAST
57,acute angina
58,acute angle-closure glaucoma
59,Acute Appendicitis
60,Acute arrhythmia
61,Acute attacks of porphyria
62,ACUTE BACTERIAL CONJUNCTIVITIS
63,Acute coronary syndromes
64,Acute cutaneous miliary tuberculosis
65,Acute dacryocystitis
66,ACUTE DIARRHOEAL DISEASE
67,Acute Disseminated Encephalomyelitis (ADEM)
68,Acute Eosinophilic Pneumonia
69,Acute Epiglottits
70,ACUTE FEBRILE ILLNESS
71,Acute Gastroenteritis
72,Acute generalized exanthematous pustulosis
73,Acute Gingivitis
74,ACUTE GLOMERULONEPHRITIS
75,ACUTE HAEMATOGENOUS OSTEOMYELITIS
76,Acute Hepatitis
77,ACUTE HERPETIC CONJUNCTIVITIS
78,Acute Intermittent Porphyria
79,acute interstitial nephritis
80,ACUTE INTESTINAL OBSTRUCTION
81,ACUTE IRIDOCYCLITIS
82,ACUTE ISCHEMIC OPTIC NEUROPATHY
83,acute kidney injury
84,acute labyrinthitis
85,ACUTE LARYNGITIS
86,acute liver failure
87,Acute lymphoblastic leukaemia
88,acute mastoiditis
89,Acute Myeloid Leukemia
90,ACUTE MYELOID LEUKEMIA
91,acute myocardial infarction
92,acute myocarditis
93,Acute necrotizing (ulcerative) gingivitis and noma
94,ACUTE OSTEOMYELITIS
95,Acute Otitis Media
96,acute pain
97,Acute Pancreatitis
98,Acute Pericarditis
99,Acute Pericoronitis
100,Acute Periodontitis
101,Acute Peritonitis
102,acute pharyngitis
103,Acute prostatitis
104,acute psychosis
105,Acute Pulpitis
106,Acute Pyelonephritis
107,Acute Renal Failure
108,acute respiratory distress syndrome
109,Acute respiratory infection
110,ACUTE RHEUMATIC FEVER
111,acute rhinitis
112,acute rhinosinusitis
113,Acute Ruptured Ectopic pregnency
114,acute severe asthma
115,ACUTE SUPPURATIVE ARTHRITIS
116,acute tonsillitis
117,ACUTE TUBULOINTERSTITIAL NEPHRITIS
118,Acute unstable angina
119,acute vestibular neuronitis
120,ACUTE VIRAL HEPATITIS
121,Adamantinoma
122,addisonian crisis
123,Adenocarcinofibroma (malignant adenofibroma)
124,ADENOCARCINOMA
125,"adenocarcinoma - tubular, intestinal, diffuse,  pa"
126,"Adenocarcinoma (acinar) - Atrophic, Pseudohyperpla"
127,adenocarcinoma in situ
128,adenocarcinoma of lung
129,"Adenocarcinoma, not otherwise specified"
130,"Adenocarcinoma: Adenocarcinoma mixed subtype, Acin"
131,adenofibroma
132,Adenofibroma and cystadenofibroma
133,adenoid basal carcinoma
134,adenoid cystic carcinoma
135,adenoid hypertrophy
136,"Adenomas: Tubular adenoma, Lactating adenoma, Apoc"
137,Adenomyoepithelial adenosis
138,Adenomyoepithelioma
139,adenomyoma
140,adenomyosis
141,adenosarcoma
142,Adenosine deaminase deficiency
143,"Adenosis including variants: Sclerosing adenosis, "
144,ADENOVIRAL CONJUNCTIVITIS
145,ADENOVIRUS INFECTION
146,Adenylate kinase (AK) deficiency
147,Adenylosuccinate lyase deficiency
148,Adrenal Cancer
149,Adrenal Insufficiency
150,Adrenoleukodystrophy
151,Adult fibrosarcoma
152,Adult granulosa cell tumour
153,Adult growth hormone deficiency
154,ADULT INCLUSION CONJUNCTIVITIS
155,Adverse metabolic effects
156,AEROPHAGIA
157,age related macular degeneration
158,agranulocytosis
159,AICA-Ribosiduria
160,AIDS related Kaposi's sarcoma
161,ALAGILLE SYNDROME
162,ALBINISM
163,alcoholic cirrhosis
164,ALCOHOLIC LIVER DISEASE
165,Aldosterone biosynthesis defects
166,Aldosterone synthase deficiency
167,ALEXANDER DISEASE
168,allergic conjunctivitis
169,allergic rhinitis
170,Alpha-aminoadipic aciduria
171,Alpha-aminoadipic aciduria
172,Alpha-ketoglutarate dehydrogenase deficiency(2-Ket
173,Alport Syndrome(Kidney)
174,altered coagulation status
175,Alters metabolic function
176,ALU
177,alveolar proteinosis
178,"Alveolar rhabdomyosarcoma (incl. solid, anaplastic"
179,Alveoli Collapse
180,Alzheimers Disease
181,Amebiasis
182,ameleoblastic fibroma
183,Aminoacylase 1 deficiency
184,AML
185,Amoebiasis dermatology
186,AMOEBIC LIVER ABSCESS
187,amyloidosis
188,AMYOTROPHIC LATERAL SCLEROSIS
189,Anal and perianal malignancy
190,ANAL FISSURE
191,ANAL HYPERTONIA
192,ANAL INTRAEPITHELIAL NEOPLASIA
193,ANAL MALIGNANT TUMOR
194,ANAL WARTS
195,Anaphylactoid reactions
196,Anaphylactoid syndrome
197,Anaphylaxis
198,anaplastic astrocytoma
199,anaplastic astrocytoma (who grade 3)
200,ANAPLASTIC CARCINOMA OF THYROID
201,anaplastic ependymoma
202,anaplastic ependymoma (who grade 3)
203,anaplastic ganglioglioma
204,anaplastic ganglioglioma (who grade 3)
205,anaplastic haemangiopericytoma
206,anaplastic haemangiopericytoma (who grade 3)
207,anaplastic meningioma
208,anaplastic oligoastrocytoma
209,anaplastic oligoastrocytoma (who grade 3)
210,anaplastic oligodendroglioma
211,ANCA Small-Vessel Vasculitis
212,ANCA-associated vasculitis
213,Ancylostomiasis
214,ANDI (Aberrations of normal development and involution)
215,Androgen-dependent tumours
216,Anemia due to disorder of glutathione metabolism
217,anemia in pregnancy
218,anemia of chronic disease
219,Anetoderma
220,ANEURYSM
221,aneurysm of carotid artery
222,Aneurysmal bone cyst
223,angelman syndrome
224,angina
225,angina pectoris
226,angiocentric glioma (who grade 1)
227,ANGIODYSPLASIA
228,Angiogenesis
229,Angiography
230,Angiokeratoma circumscriptum
231,Angioleiomyoma
232,angiolipoma
233,angioma serpiginosum
234,Angiomatoid fibrous histiocytoma
235,Angiomatosis
236,angiomatous polyps
237,Angiomyofibroblastoma
238,ANGIOMYOLIPOMA
239,ANGIOSARCOMA
240,Angiosarcoma of soft tissue
241,angle closure glaucoma
242,ANGULAR BACTERIAL CONJUNCTIVITIS
243,Angular cheilitis
244,Anisakiasis
245,ANKYLOBLEPHARON
246,ANKYLOSING SPONDILITIS
247,Annular erythema of infancy
248,ANNULAR PANCREAS
249,Ano-genital warts
250,Anophthalmia and microphthalmia
251,anorectal absess
252,Anorectal ulceration
253,antenatal prophylaxis
254,Anthrax dermatology
255,Anticoagulant
256,Antiglomerular Basement Membrane Disease
257,Antiglomerular basement membrane vasculitis disease
258,Antineoplastic
259,Anti-p200 pemphigoid
260,antiphospholipid antibody/lupus anticoagulant syndrome
261,Aortic Aneurysm / Rupture
262,Aortic Aneurysm / Rupture
263,aortic aneurysms
264,Aortic Dissection
265,aortic regurgitation
266,aortic stenosis
267,APHTHOUS ULCER
268,Aphthous ulcers
269,aplastic anaemia
270,Apocrine carcinoma
271,Apocrine miliaria
272,Apoptosis
273,Apparent mineralocorticoid excess syndrome
274,appendicitis
275,Apthous Stomatis
276,aquired epidermolysis bullosa
277,arachnoid cyst
278,arachnoiditis
279,Argininemea
280,Argininosuccinate lyase deficiency/Argininosuccini
281,Argininosuccinic aciduria (ARGINSA)/Argininosuccin
282,"Argininosuccinic aciduria (ARGINSA);, Argininosuccinate lyase deficiency"
283,Aromatase excess syndrome
284,Aromatic L-amino acid decarboxylase (AADC) deficie
285,Arterial disease and peripheral ischaemic disorders
286,ARTERIAL STENOSIS AND OCCLUSION
287,arterio venous malformation
288,arytenoid fixation
289,Asbestosis
290,Ascariasis
291,ASCENDING CHOLANGITIS
292,ascending paralysis
293,Aspergillosis
294,Asphyxiating Thoracic Dystrophy
295,Asteatotic eczema
296,Asthma
297,Asymmetric periflexural exanthem of childhood
298,Ataxia telangiectasia
299,ATAXIA-TELANGIECTASIA
300,Atelectasis
301,Atonic Seizures
302,Atopic dermatitis
303,Atopic eczema
304,Atopic eruption of pregnancy
305,Atopy and atopic eye disease
306,atrial fibrillation
307,atrial flutter
308,atrial septal defect
309,ATRIAL SEPTAL DEFECTS
310,Atrioventricular block (AV block)
311,atrophic rhinitis
312,Atypical Absence Seizures
313,Atypical adenomatous hyperplasia
314,atypical carcinoid
315,atypical choroid plexus papilloma (who grade 2)
316,Atypical depression
317,Atypical diabetic ketoacidosis
318,Atypical genital naevi
319,"Atypical hyperplasia: Simple, Complex"
320,Atypical lipomatous tumour/ Well differentiated li
321,Atypical papilloma
322,atypical teratoid/rhabdoid tumour (who grade 4)
323,Autoimmune Enteropathy
324,AUTOIMMUNE HEPATITIS
325,AUTOIMMUNE HYPOTHYROIDISM
326,AUTOIMMUNE LYMPHOPROLIFERATIVE SYNDROME (ALPS)
327,Autonomic neuropathy
328,Autophagy
329,Autosomal dominant polycystic kidney disease
330,Autosomal recessive congenital ichthyosis
331,autosomal recessive polycystic kidney disease
332,AV block
333,axial spondyloarthritis
334,B12 Deficiency
335,Babesiosis
336,bachet diseases
337,BACILLARY ANGIOMATOSIS
338,Bacillary angiomatosis dermatology
339,bacterial arthritis
340,Bacterial Blepharitis
341,bacterial endocarditis
342,bacterial infection (sepsis)
343,BACTERIAL MASTITIS
344,BACTERIAL MENINGITIS
345,BACTERIAL SIALADENITIS
346,bacterial vaginosis
347,BALANOPOSTHITIS
348,Balantidiasis
349,bamboo nodes
350,BARBITURATE POISONING
351,Barmah Forest virus
352,BARTHOLIN ABSCESS
353,Bartholin Cyst
354,Bartholin Cyst Abscess
355,BARTONELLA ENDOCARDITIS
356,BARTTER AND GITELMAN SYNDROME
357,bartter syndrome
358,Basal cell adenocarcinoma
359,Basal cell adenoma
360,Basal cell carcinoma
361,"Basal cell carcinoma : Superficial,Nodular (solid)"
362,basal cell carcinoma(RODENT ULCER)
363,basaloid squamous cell carcinoma
364,Bathing suit ichthyosis
365,bebign ovrian tumours
366,BEDSORES
367,Bedwetting
368,"Bees, wasps and ants (Hymenoptera)"
369,Behavioural DIsorder
370,Behçet disease
371,bejel
372,Bell’s palsy
373,Benign breast disorders
374,Benign childhood epilepsy with centrotemporal spik
375,Benign fibrous histiocytoma
376,Benign gynecological diseases
377,BENIGN OVARIAN TUMORS
378,benign paraoxysmal positional vertigo
379,BENIGN PROSTATIC HYPERPLASIA
380,Benign symmetrical lipomatosis
381,Benign tumours of conjunctiva
382,BENIGN TUMOURS OF LUNG 
383,berlins edema
384,BERNARD-SOULIER SYNDROME
385,Beta-ureidopropionase deficiency
386,Bilateral TM Joint Ankylosis
387,Bile Acid Malabsorption
388,bile duct cystadenocarcinoma
389,Bile duct disease
390,BILIARY ASCARIASIS
391,biliary cystadenocarcinoma
392,biliary cystadenoma
393,biliary papillomatosis
394,BIOTIN
395,Biotinidase deficiency
396,Bipolar Disorder
397,BIRD FLU
398,Bisphosphoglycerate mutase deficiency
399,Black heel and palm
400,Black piedra
401,Bladder cancer
402,BLADDER DIVERTICULA
403,BLADDER EXSTROPHY
404,BLADDER OUTLET OBSTRUCTION
405,BLADDER STONE
406,Blastomycosis
407,Blastomycosis dermatology
408,BLEEDING PEPTIC ULCER
409,bleeding pv
410,blepharitis
411,Blepharochalasis
412,BLEPHAROPHIMOSIS
413,Blistering distal dactylitis
414,blood stasis
415,blow out fracture of orbit
416,Blue naevus: Cellular blue naevus
417,blue nevus
418,Borderline Brenner tumour: Proliferating variant
419,Borderline Personality Disorder
420,Botryomycosis
421,botulism
422,Bowel-associated dermatitis–arthritis syndrome
423,Brachial plexus block
424,Brain Abscess
425,Brain cancer
426,Brain hemorrhage and vascular permeability
427,BRAIN TUMOURS
428,BRANCH RETINAL ARTERY OCCLUSION 
429,BRANCH RETINAL VEIN OCCLUSION 
430,branchial cleft cyst
431,BREAST CYSTS 
432,Brenner tumour
433,BRONCHIAL ASTHMA
434,BRONCHIECTASIS
435,BRONCHIOLITIS
436,bronchitis
437,BRONCHOGENIC CARCINOMA
438,bronchogenic cyst
439,bronchopneumonia
440,Bronchopulmonary Dysplasia
441,Brucellosis
442,Brucellosis dermatology
443,"Brunner syndrome, MAOA deficiency"
444,Budd Chiari Syndrome
445,buerger disease
446,BUFFALOPOX
447,Bullous impetigo
448,bullous myringitis
449,Bullous pemphigoid
450,burkitt like/ atypical burkitt's lymphoma
451,burkitt's lymphoma
452,burn surgery
453,Burning mouth syndrome
454,BURNS
455,Buschke–Löwenstein tumour
456,Ca COLON
457,Cadmium exposure
458,Calcific uraemic arteriolopathy
459,Calcifying aponeurotic fibroma
460,Calcifying fibrous tumour Giant cell angiofibroma
461,Calciphylaxis
462,Calcium renal calculi
463,"Callosities, corns and calluses"
464,Camptodactyly
465,Canavan Disease
466,CANCER CERVIX
467,Cancer Floor of Mouth
468,Cancer larynx
469,Cancer Stem Cells
470,Candida balanitis
471,Candida intertrigo
472,Candida onychomycosis
473,Candida Oral Thrush
474,Candida paronychia
475,candidaemia
476,Candidal vulvo-vaginitis
477,candidiasis
478,Candidosis
479,capillar
480,capillary haemangioma
481,Carbamoyl Phosphate Synthetase Deficiency
482,Carbohydrate Deficient Glycoprotein Syndrome
483,Carbuncle
484,Carcinofibroma
485,carcinoid
486,carcinoid (well differntiated endocrine neoplasm)
487,Carcinoid syndrome
488,CARCINOID TUMORS
489,"Carcinoid tumour: Typical carcinoid, Atypical carc"
490,CARCINOMA  OF THE PANCREAS
491,CARCINOMA ANAL CANAL
492,Carcinoma associated with neuroblastoma
493,CARCINOMA BLADDER
494,CARCINOMA COLON
495,Carcinoma ex pleomorphic adenoma
496,CARCINOMA GALL BLADDER
497,Carcinoma Head of Pancreas
498,Carcinoma maxilla
499,CARCINOMA OF BREAST
500,"Carcinoma of Skene, Cowper and Littre glands"
501,Carcinoma of the collecting ducts of Bellini
502,CARCINOMA OF THE OESOPHAGUS
503,Carcinoma of the penis
504,carcinoma of the thyroid
505,carcinoma ovary
506,CARCINOMA PENIS
507,CARCINOMA PROSTATE
508,CARCINOMA RECTUM
509,carcinoma scrotum
510,Carcinoma uterus
511,"Carcinoma: Invasive, In situ"
512,Carcinosarcoma (malignant mÃ¼llerian mixed tumour; metaplastic carcinoma)
513,carcinosarcoma (malignant mullerian mixed tumour /
514,Cardiac arrests
515,Cardiac Complications
516,Cardiac Disease
517,Cardiac fibroma
518,Cardiac lymphomas
519,Cardiac myxoma
520,cardiac tamponade
521,cardiogenic shock
522,cardiomyopathy
523,cardiorespiratory failure and arrest
524,Cardiovascular Disease
525,cardiovascular syphilis
526,Carious Teeth
527,Carney complex
528,Carnitine acylcarnitine translocase
529,Carnitine palmitoyl transferase-II
530,Carnitine palmitoyltransferase 2 deficiency
531,Carnitine-acylcarnitine translocase deficiency
532,Carnosinuria/CARNOSINEMIA/CARNOSINASE DEFICIENCY
533,CAROLIS DISEASE
534,carotid body tumour
535,CARRIÓN’S DISEASE (OROYA FEVER AND VERRUGA PERUANA
536,Cartilage hair hypoplasia
537,Carvajal-Huerta syndrome
538,Cat scratch disease
539,Cat scratch disease dermatology
540,cataplexy like symptoms
541,CAVERNOUS SINUS THROMBOSIS
542,CBD STONE
543,CELIAC DISEASE
544,Cell division
545,Cellular angiofibroma
546,Cellular fibroma
547,CELLULITIS
548,Cellulitis and erysipelas
549,Central Diabetes Insipidus
550,central neurocytoma (who grade 2)
551,Central papilloma
552,Central Precocious Puberty
553,central serous retinopathy
554,Centrifugal lipodystrophy
555,Centronuclear myopathy
556,Cercarial dermatitis dermatology
557,cerebellar liponeurocytoma (who grade 2)
558,cerebellar syndrome
559,cerebral ischaemia
560,cerebral malaria
561,cerebral palsy
562,Cerebral palsy with congenital cartaract
563,Cerebral palsy with feeding difficulty
564,Cerebral palsy with Hearing loss
565,cerebral vascular disease
566,Cerebral vasospasm
567,Cerebrospinal disease
568,Cerebrotendinous Xanthomatosis
569,Cerebrotendinous xanthomatosis
570,cerebrovascular events
571,cerumen impaction
572,cervical adenitis
573,CERVICAL RIB AND THORACIC OUTLET SYNDROME 
574,cervical tumours
575,Cervicitis
576,Cestode disease
577,CHAGAS DISEASE (AMERICAN TRYPANOSOMIASIS)
578,CHALAZION
579,Chancriform pyoderma
580,Chancroid
581,chancroid
582,chediak higashi syndrome
583,cheilitis
584,chemotherapy agents
585,Cherry angiomas
586,CHEST TRAUMA
587,Chest wall hamartoma
588,chickenpox
589,Chikungunya
590,Childhood absence epilepsy
591,childhood rhabdomyosarcoma
592,Childhood rheumatic diseases
593,Chlamydial Infections
594,choanal atresia
595,CHOLANGIOCARCINOMA
596,cholecystitis
597,CHOLEDOCHAL CYST
598,CHOLELITHIASIS
599,CHOLERA
600,Cholestasis
601,Cholestatic liver disease
602,Cholesterol embolus
603,cholesterol granuloma
604,Chondroblastoma
605,chondroid lipoma
606,"Chondroma:  Enchondroma, Periosteal chondroma, Mul"
607,Chondromyxoid fibroma
608,"Chondrosarcoma: Central, primary, and secondary, P"
609,Chordoma
610,Choriocarcinoma
611,Choriocarcinoma and teratoma/embryonal carcinoma
612,choroid glioma of the third ventricle (who grade 2
613,choroid plexus carcinoma (who grade 3)
614,choroid plexus papilloma (who grade 1)
615,Chromhidrosis
616,Chromoblastomycosis
617,Chromomycosis
618,Chromophobe renal cell carcinoma
619,Chronic active Epstein–Barr virus infection
620,Chronic and Recurrent Meningitis
621,CHRONIC BACTERIAL CONJUNCTIVITIS
622,chronic bilirubin encephalopathy
623,chronic constrictive pericarditis
624,chronic dacryocystitis
625,CHRONIC DIARRHEA
626,Chronic Eosinophilic Pneumonia
627,Chronic fatigue syndrome
628,Chronic Gingivitis
629,Chronic graft-versus-host disease
630,chronic granulomatous disease
631,chronic hepatitis C
632,CHRONIC INFLAMMATORY ABSCESS
633,Chronic iridocyclitis
634,chronic kidney disease
635,chronic liver disease
636,chronic lymphocytic leukaemia
637,CHRONIC LYMPHOCYTIC(AUTOIMMUNE) THYROIDITIS
638,CHRONIC LYMPHOID LEUKEMIA (CLL)
639,Chronic mucocutaneous candidosis
640,chronic myeloid leukaemia
641,CHRONIC MYELOID LEUKEMIA
642,Chronic Obstructive Pulmonary Disease
643,Chronic occlusive peripheral arterial disease
644,CHRONIC OSTEOMYELITIS
645,Chronic Pancreatitis
646,Chronic Periodontitis
647,chronic pharyngitis
648,CHRONIC PLEURAL EFFUSIONS
649,Chronic Pulpitis
650,CHRONIC PYELONEPHRITIS
651,Chronic renal disease
652,Chronic renal failure
653,Chronic renal impairment
654,chronic rhinosinusitis
655,CHRONIC RHINOSINUSITIS without polyposis
656,Chronic Sinusitis
657,chronic spasticity associated with a variety of conditions
658,chronic spasticity of spinal or cerebral origin
659,Chronic stable angina
660,Chronic superficial scaly dermatitis
661,CHRONIC SUPPURATIVE OTITIS MEDIA(ATTICO ANTRAL)
662,Chronic thyroiditis(Riedels)
663,chronic tonsillitis
664,CHRONIC TUBULOINTERSTITIAL NEPHRITIS
665,Chronic venous insufficiency
666,CHRONIC VIRAL HEPATITIS
667,Churg-Strauss Syndrome
668,CIRRHOSIS
669,Cirrhotic cardiomyopathy
670,Citrullinaemia type1
671,Citrullinemia type I (CTLN1)
672,CK syndrome (CKS)
673,CLAVICLE FRACTURE
674,clear cell adenocarcinoma
675,Clear cell renal cell carcinoma
676,Clear cell sarcoma of soft tissue
677,Cleft Lip
678,Cleft Lip with Cleft Palale
679,CLEIDOCRANIAL DYSPLASIA
680,CLONORCHIASIS
681,Club foot
682,CML
683,CMV disease
684,CNS haemorrhage
685,cns primitive neuroectodermal tumour (pnet) (who g
686,Coagulase-negative staphylococci
687,Coagulopathy Iatrogenic
688,COARCTATION OF AORTA
689,coats disease
690,Coccidioidomycosis
691,Coenzyme Q10 deficiency
692,Cold panniculitis
693,Collagen vascular disease
694,Collodion baby
695,colon cancer
696,colorectal cancer
697,Combined deficiency of 5 K-dependent clotting factors (VKCFD)
698,combined hepatocellular and cholangiocarcinoma
699,Combined naevus
700,Common Cold
701,common variable immuno deficiency
702,community-acquired pneumonia
703,complete abortion
704,Complete Edentulus
705,Complete Impacted Tooth
706,complex 11 deficiency
707,Complex II deficiency
708,Complex Regional Pain Syndrome
709,Composite haemangioendothelioma
710,conduct disorder
711,condyloma acuminatum
712,Condylomata acuminata
713,Congenital Adrenal Hyperplasia
714,Congenital adrenal hyperplasia (CAH)
715,Congenital adrenal hyperplasia(late onset)
716,Congenital Bile Acid Synthesis Defect
717,Congenital candidiasis
718,congenital cholesteatoma
719,CONGENITAL DACROCYSTOCOELE
720,Congenital dacryocystitis
721,Congenital disorder of glycosylation / 1-deficient glyco4 syndromes
722,Congenital disorder of glycosylation / carbohydrate-deficient glycoprotein syndromes  
723,Congenital disorders
724,Congenital erosive and vesicular  dermatosis heali
725,Congenital erythropoietic porphyria
726,congenital erythropoietic porphyria
727,congenital footplate fixation
728,Congenital glaucoma
729,congenital granuloma
730,Congenital Haemodisplasia with Ichthyosis form Navous and Limb Defect
731,Congenital Hyperthyroidism
732,congenital Hypoplastic Anemia
733,Congenital HYPOTHYROIDISM
734,Congenital Intestinal Mucosal Defect
735,Congenital lactase deficiency
736,Congenital lipoid adrenal hyperplasia
737,"Congenital melanocytic naevi: Superficial type, Pr"
738,congenital methemoglobinemia
739,congenital midline cord cleft
740,Congenital Muscular Dystrophy
741,congenital or acquired long QT syndromes
742,Congenital rubella
743,Congenital syphilis
744,Congenital Syphilis
745,"Congenital systemic glutamine deficiency (CSGD), Glutamine synthetase deficiency"
746,CONGENITAL VENOUS ANOMALIES
747,congestive heart failure (CHF)
748,CONJOINED TWINS
749,conjunctivitis
750,Conns syndrome
751,Constricting bands of the extremities
752,constrictive pericarditis
753,Contact dermatitis has been reported
754,COR  PULMONALE
755,CORNEAL ULCER
756,coronary artery disease
757,coronary vasospasm
758,corpus luteal melanoma
759,CORROSIVE INJURY TO OESOPHAGUS
760,corrosive poisoning
761,cortical lesion
762,CORTICAL NECROSIS
763,corticosteroids
764,Cortisol dysfunction
765,Cortisone reductase deficiency (CRD)
766,Coryneform bacteria
767,Coumarin Resistance/Warfarin Resistance
768,COVID-19
769,COWPOX
770,CPA lipoma
771,cracked nipple
772,Cradlle Cap
773,craniopharyngioma (who grade 1)
774,CRAO (Central retinal artery occlusion)
775,Creatine deficiency syndrome (Arginine:glycine amidinotransferase deficiency (AGAT deficiency)
776,Crigler Najjar Syndrome type 1
777,Crigler Najjar Syndrome type 2
778,Crigler-Najjar Syndrome/Hyperbilirubinemia
779,Crohn disease
780,Crohns Disease
781,CROHN'S DISEASE
782,Croup
783,CRUSH INJURY AND SYNDROME
784,CRVO
785,Cryoglobulinaemia
786,Cryoglobulinaemic vasculitis
787,cryptococcal meningitis
788,Cryptococcosis
789,cryptorchidism
790,cryptosporidiosis
791,CUSHING SYNDROME
792,Cushings syndrome
793,Cutaneous amyloidoses due to systemic disease(1531
794,Cutaneous Crohn disease
795,Cutaneous endometriosis
796,Cutaneous focal mucinosis
797,Cutaneous larva migrans
798,Cutaneous Leishmaniasis
799,Cutaneous small-vessel vasculitis
800,Cutaneous warts
801,cyclosporiasis
802,Cylindroma
803,Cystadenoma
804,Cystathioninuria
805,CYSTIC FIBROSIS
806,cystic hygroma
807,Cystic sebaceous tumour
808,Cystic tumour
809,Cystic tumour of the atrioventricular node
810,Cysticercosis
811,Cysticercosis dermatology
812,CYSTINURIA
813,Cystitis
814,cystoid macular edema
815,Cytomegalovirus infection
816,D-2-hydroxyglutaric aciduria
817,Dacryoadenitis
818,Darier's disease
819,Dedifferentiated liposarcoma
820,Deep benign fibrous histiocytoma
821,Deep leiomyoma
822,deep limb venous thrombosis
823,deep venous thrombosis
824,Deep-vein thrombosis
825,DEFECTIVE EXPRESSION OF MAJOR HISTOCOMPATIBILITY C
826,Deficiency glossitis
827,Deficiency states calcium salts
828,Dementia
829,Dementia with Lewy Bodies
830,Dengue with warning signs
831,Dengue without warning signs
832,Dental Caries
833,dental infections
834,Dental nerve block
835,dentigerous cyst
836,Dentinal Hypersensitivity
837,Depersonalization disorder
838,DEPRESSION
839,Dercum disease
840,"Dermal melanocytic lesions: Mongolian spot, Naevus"
841,Dermal necrosis
842,Dermatitis and eczema of the hands
843,Dermatitis and eczema of the lower legs
844,Dermatitis herpetiformis
845,Dermatophytide
846,dermatophytoses
847,dermoid cyst
848,dermoid cyst / mature cystic teratoma
849,Dermoids
850,Desbuquois syndrome
851,Desmoid-type fibromatoses
852,Desmoplastic fibroblastoma
853,Desmoplastic fibroma
854,desmoplastic infantile astrocytoma and ganglioglio
855,Desmoplastic small round cell tumour
856,desmosterolosis
857,DESQUAMATIVE INTERSTITIAL PNEUMONITS
858,Developing renal calculi
859,deviated nasal septum
860,D-Glyceric acidemia
861,D-Glyceric acidemia Primary hyperoxaluria
862,D-Glycerol 1-phosphate
863,dhatura
864,Diabetes insipidus
865,diabetes mellitus
866,Diabetes mellitus type 1
867,Diabetes mellitus type 2
868,Diabetic and non diabetic nephropathy
869,DIABETIC GANGRENE
870,Diabetic Ketoacidosis
871,Diabetic Nephropathy
872,diabetic neuropathy
873,Diabetic Retinopathy
874,Diastematomyelia
875,DIASTROPHIC DYSPLASIA
876,DIBETES INCIPDUS
877,DIC
878,dicarboxylic aminoaciduria
879,DIFFUSE HYPERTROPHY
880,Diffuse idiopathic pulmonary neuroendocrine cell h
881,diffuse large B cell lymphoma
882,Diffuse simple(nontoxic) goiter
883,Diffuse-type giant cell tumour
884,DiGeorge syndrome
885,Digital myxoid 
886,Digital myxoid pseudocyst
887,Digital papillary carcinoma
888,Dihydrofolate reductase (DHFR) deficiency
889,Dihydropyrimidinase deficiency
890,Dihydropyrimidine dehydrogenase deficiency
891,DILATED CARDIOMYOPATHY
892,Dimethylglycine dehydrogenase deficiency (DMGDHD) 
893,diphtheria
894,Diphtheria dermatology
895,DIPHYLLOBOTHRIASIS
896,Dirofilariasis
897,DISCHARGES FROM THE NIPPLE
898,Discoid lupus erythematosus
899,DISORDERS OF PURINE METABOLISM
900,dissecting aortic aneurysm
901,Disseminated lntravascular Coagulopathy
902,distal obstruction syndrome
903,Distal Renal Tubular Acidosis
904,DIVERTICULITIS
905,diverticulosis
906,DNA repair
907,Donovanosis
908,Down syndrome
909,dracanculiasis
910,Dracunculiasis
911,Dracunculiasis dermatology
912,drowning
913,Drug-induced acneform eruptions
914,Drug-induced eczema
915,Drug-induced erythema nodosum
916,Drug-induced exanthem
917,Drug-induced generalized exfoliative dermatitis
918,Drug-induced pityriasis rosea
919,Drug-induced pruritus
920,Drug-induced serum sickness-like reaction
921,"Drug-induced urticaria, angio-oedema and anaphylax"
922,DRY GANGRENE
923,Dubin Johnson Syndrome
924,Duchenne and Becker Muscular Dystrophies
925,Duchenne muscular dystrophy
926,DUCT ECTASIA/PERIDUCTAL MASTITIS
927,ductal adenocarcinoma
928,"Ductal adenocarcinoma - Cribriform, Papillary, Sol"
929,Dumping syndrome
930,DUODENAL ULCER
931,DUPLICATION OF URETER
932,dysembryoplastic neuroepithelial tumour (who grade
933,Dysfunctional Uterine Bleeding
934,Dyslexia
935,Dyslipidemia
936,Dyslipidemia with ventricular arrhythmia
937,Dysmenorrhoea
938,dysplasia and carcinoma in situ
939,DYSPLASIA EPIPHYSEALIS HEMIMELICA (TREVOR’S DISEAS
940,Dysplastic naevus
941,DYSTHYROID ORBITOPATHY
942,Eales’ disease
943,early invasive (microinvasive) squamous cell carci
944,early invasive adenocarcinoma
945,Ebola virus disease (EVD)
946,Ebolavirus and Marburgvirus Infections
947,Ebstein Anomaly
948,Eccrine syringosquamous metaplasia
949,Echinococcosis
950,eclampsia
951,Ecthyma
952,ectopic gestation
953,Ectopic hamartomatous thymoma
954,ECZEMA
955,Eczema herpeticum
956,Edentulous
957,Edentulous U/L Jaw
958,EHLERS-DANLOS SYNDROME
959,Ehrilchiosis
960,Ehrlichiosis
961,Eisenmenger Syndrome
962,Elastofibroma
963,electric shock
964,Embryonal carcinoma
965,"Embryonal rhabdomyosarcoma  (incl. spindle cell, b"
966,EMBRYONAL SARCOMA
967,EMERY-DREIFUSS MUSCULAR DYSTROPHY
968,emphysema
969,empyema
970,EMPYEMA OF GALL BLADDER
971,EMPYMA
972,ENCEPHALITIS
973,encephalocoele
974,Encephalocraniocutaneous lipomatosis
975,ENCHONDROMA
976,"ENCHONDROMATOSIS (DYSCHONDROPLASIA, OLLIER’S DISEA"
977,Endemic Goitre and Cretinism
978,Endemic syphilis or bejel
979,Endemic Treponematoses
980,endocardial cushion defect
981,Endocarditis-associated glomerulonephritis
982,endocervical adenocarcinoma
983,endocervical polyp
984,Endocervical-like
985,endocrinopathies
986,Endometrial cancer
987,Endometrial polyp
988,Endometrial stromal nodule
989,endometrial stromal sarcoma
990,"Endometrial stromal sarcoma, low grade"
991,endometrioid adenocarcinoma
992,Endometrioid adenocarcinoma: Variant with squamous
993,Endometrioid stromal sarcoma (low grade)
994,Endometriosis
995,endometrium carcinoma
996,enteric fever
997,Enterobiasis dermatology
998,ENTEROCUTANEOUS FISTULA
999,Enterovirus infection
1000,ENTROPION
1001,EOSINOPHILIC ESOPHAGITIS
1002,Eosinophilic granulomatosis with polyangiitis
1003,Eosinophilic pneumonia
1004,eosinophilic vasculitides
1005,ependymoma (who grade 2)
1006,Epidemic typhus
1007,Epidermodysplasia verruciformis
1008,epidermoid cyst
1009,Epidermolysis bullosa
1010,Epidermolysis bullosa acquisita
1011,Epidermolytic palmoplantar keratoderma
1012,EPIDIDYMOORCHITIS
1013,Epidural anaesthesia
1014,Epilepsy
1015,epiretinal membrane
1016,EPISCLERITIS
1017,Epithelial-myoepithelial carcinoma
1018,Epithelioid haemangioendothelioma
1019,Epithelioid haemangioma
1020,EPITHELIOID HEMANGIOENDOTHELIOMA
1021,Epithelioid sarcoma
1022,Epstein-Barr Virus
1023,Eradication of H. pylori
1024,Erdheim-Chester disease
1025,ERG (abnormal electro retinogram)
1026,"Ergotism, cocaine/amphetamine abus"
1027,Eruptive xanthoma
1028,Erysipeloid
1029,Erythema abigne
1030,Erythema annulare centrifugum
1031,Erythema gyratum repens
1032,Erythema induratum of Bazin
1033,Erythema Infectiosum
1034,Erythema marginatum
1035,Erythema Neonatorum
1036,Erythema nodosum leprosum
1037,Erythrasma
1038,erythroblastosis fetalis
1039,Erythrocyanosis
1040,Erythrokeratoderma variabilis
1041,Erythromelalgia
1042,Erythromelalgia
1043,Erythroplakia
1044,ERYTHROPOIETIC PROTOPORPHYRIA
1045,Esophageal Cancer
1046,ESOPHAGEAL SPASM
1047,esophagitis
1048,esthesioneuroblastoma
1049,eustachian tube dysfunction
1050,Ewing's sarcoma
1051,Exacerbate myoclonic or absence seizures
1052,exacerbation of peptic ulcer disease
1053,Exacerbation of preexisting diabetes
1054,exacerbation of S.L.E
1055,exacerbation or unmasking of autoimmune disease (particularly thyroiditis)
1056,Exanthema subitum
1057,EXTERNAL INJURY TO PANCREAS
1058,Extra Cellular Matrix Remodeling
1059,Extra-adrenal myelolipoma
1060,EXTRAHEPATIC BILIARY ATRESIA
1061,Extramammary Paget disease
1062,Extrarenal angiomyolipoma
1063,Extra-renal rhabdoid tumour
1064,"Extraskeletal myxoid chondrosarcoma (""chordoid"" ty"
1065,Extraskeletal osteosarcoma
1066,extraventricular neurocytoma (who grade 2)
1067,F/U/C OF GDD
1068,F/U/C OF ITP
1069,Fabry Disease
1070,Fabry disease
1071,facial nerve schwannoma
1072,FACIOSCAPULOHUMERAL MUSCULAR DYSTROPHY
1073,Factitious panniculitis
1074,FACTOR X DEFICIENCY
1075,FACTOR XI DEFICIENCY (HAEMOPHILIA C)
1076,failure to thrive
1077,FALLOTS TETRALOGY
1078,FAMILIAL ADENOMATOUS POLYP
1079,Familial Hypercholesterolemia
1080,Familial hyperinsulinemic hypoglycemia (HHF)
1081,Familial Mediterranean Fever+++
1082,FAMILIAL SPASTIC PARAPLEGIA
1083,fanconi anaemia
1084,Farber lipogranulomatosis
1085,fascioliasis
1086,FAT EMBOLISM SYNDROME
1087,FEBRILE SEIZURES
1088,Feeding Difficulty
1089,fetal alcohol syndrome
1090,Fetal death
1091,Fetal varicella syndrome
1092,Fibroadenoma
1093,Fibrocystic disease of the breast
1094,fibroepithelial polyp
1095,Fibrofolliculoma / trichodiscoma
1096,FIBROID UTERUS
1097,Fibroma
1098,Fibroma of tendon sheath
1099,Fibromatosis colli
1100,Fibromyalgia
1101,Fibrosarcoma
1102,Fibrosis
1103,fibrous dysplasia
1104,Fibrous hamartoma of infancy
1105,FILARIASIS
1106,fissured tongue
1107,FISTULA-IN-ANO
1108,Five P Minus Syndrome
1109,Fleas
1110,FLOPPY INFANT DISORDER
1111,FLUORIDE DEFICIENCY
1112,FLUORIDE EXCESS
1113,FLUOROSIS
1114,FOCAL ATRIAL TACHYCARDIA
1115,focal segmental glomerulosclerosis
1116,Focal Seizures with Dyscognitive Features\
1117,Focal Seizures Without Dyscognitive Features
1118,FOLATE DEFICIENCY
1119,FOLLICULAR CARCINOMA
1120,Folliculitis and furunculosis
1121,Food poisoning
1122,Foot and mouth disease
1123,foot care
1124,Foot Corn
1125,Fordyce spots
1126,Fordyels Granule
1127,Foreign body granulomatous reaction
1128,FOREIN BODIES IN OESOPHAGUS
1129,foriegn body ear
1130,Formiminotransferase deficiency
1131,FOURNIERS GANGRENE
1132,Fracture Condyle Mandible
1133,Fracture Mandible
1134,fragile x syndrome
1135,Friction blisters
1136,FRONTOTEMPORAL DEMENTIA
1137,FROSTBITE
1138,"Fructose 1,6 bisphosphatase deficiency"
1139,Fructose-1-6- bis phosphate Aldolase B deficiency or Fructosemia or Hereditary Fructose Intolerance
1140,"Fructose-1-6- bis phosphate Aldolase B deficiency or Fructosemia or Hereditary Fructose Intolerance, "
1141,fuc of ncc
1142,"FUC-TERM/AGA/EOS,"
1143,FUC-TERMSGA/LBW
1144,Fulminant hepatic failure
1145,Fumarase Deficency 
1146,fungal ball
1147,fungal rhinosinusitis
1148,funtional constipation
1149,Furuncle 
1150,FURUNCLE(LOCALISED ACUTE OTITIS EXTERNA)
1151,Gaba-transaminase deficiency
1152,GALACTOCOELE
1153,"Galactose-1-phosphate uridyltransferase deficiency (Galactosemia), "
1154,Galactosemia
1155,Galactosialidosis
1156,galectosemia
1157,GALL BLADDER DISEASE
1158,Gallbladder Cancer
1159,gangliocytoma (who grade 1)
1160,GANGLIONEUROMA 
1161,Gardner fibroma
1162,GARRÉ’S SCLEROSING OSTEOMYELITIS
1163,garre's osteomyelitis
1164,Gartner's Cyst
1165,Gas gangrene dermatology
1166,GASTRIC CANCER
1167,Gastric Carcinoma
1168,GASTRIC OUTLET OBSTRUCTION
1169,gastric ulcer
1170,GASTRINOMA(ZOLLINGER ELLISON SYNDROME)
1171,GASTRITIS
1172,GASTRO OESOPHAGEAL REFLUX DISEASE
1173,Gastroesophageal reflux disease (GERD)
1174,Gastrointestinal stasis
1175,GASTROINTESTINAL STROMAL TUMORS
1176,gastrointestinal stromal tumour
1177,"Gaucher Disease (Glucocerebrosidase Deficiency, Glucosylceramidase Deficiency)"
1178,Gaucher's Disease
1179,GB syndrome
1180,GDD
1181,Generalised Attrition
1182,Generalized Arterial Calcification of Infancy
1183,Generalized essential telangiectasia
1184,Generalized tonic-clonic seizure
1185,Genital Chlamydia infection
1186,Genital leiomyoma
1187,genital rhabdomyoma
1188,genital tuberculosis
1189,Genital ulceration
1190,Genital warts
1191,Genital warts
1192,Geographic Tongue
1193,gestational diabetes
1194,Gestational Trophoblastic tumors
1195,Gianotti–Crosti syndrome
1196,Giant cell arteritis
1197,giant cell glioblastoma (who grade 4)
1198,Giant cell tumour
1199,Giant cell tumour of soft tissues
1200,Giant cell tumour of tendon sheath
1201,GIANT-CELL TUMOUR OF BONE
1202,giardiasis
1203,Gilbert syndrome/ Hyperbilirubinemia
1204,Gilbert syndrome/ Hyperbilirubinemia 1
1205,Gingival Recession
1206,Gitelman Syndrome
1207,Glanders
1208,Glandular cheilitis
1209,glandular dysplasia
1210,glandular intraepithelial neoplasia
1211,GLANZMANN THROMBASTHENIA
1212,glassy cell carcinoma variant
1213,Glaucoma
1214,Glioblastoma multiforme
1215,GLIOMA]
1216,gliosarcoma (who grade 4)
1217,Glomerulonephritis
1218,GLOMERULONEPHRITIS ASSOCIATED WITH SYSTEMIC LUPUS
1219,glomus jugulare
1220,Glomus tumour (and variants)
1221,Glucocorticoid effect
1222,Glucocorticoid-remediable aldosteronism (GRA)
1223,Glucose phosphate isomerase (GPI) deficiency
1224,GLUCOSE-6-PHOSPHATE DEHYDOGENASE DEFICIENCY
1225,Glutamine synthetase deficiency
1226,Glutaric aciduria type 1
1227,Glutaric aciduria type 2
1228,Glutaric aciduria type 3
1229,Glutaric aciduria type 4
1230,Glutaric aciduria type 5
1231,Glutaric aciduria type 6
1232,Glutathione synthetase deficiency
1233,"Glycerol kinase deficiency, "
1234,Glycogen storage disease VIII due to muscle beta-enolase deficiency
1235,Glycogen Storage Diseases
1236,Glycogen storage diseases (type 1) / Von Gierke disease
1237,Glycogen-rich clear cell carcinoma
1238,GM1 Gangliosidosis
1239,GM2 Gangliosidosis
1240,Gnathostomiasis
1241,goblet cell carcinoid
1242,Gonadal suppression
1243,Gonadoblastoma: Variant with malignant germ cell t
1244,gonococcal infection
1245,gonococcal uretheritis
1246,gonorrhoea
1247,gonorrhoea arthritis
1248,Gonorrhoea dermatology
1249,Goodpasture Disease
1250,Gout
1251,Gout flares
1252,Gouty panniculitis
1253,Grand mal seizure
1254,granular cell tumour
1255,granular cell tumour of neurohypophysis (who grade
1256,Granuloma faciale
1257,Granuloma inguinale
1258,Granuloma Inguinale
1259,Granuloma inguinale dermatology
1260,Granuloma multiforme
1261,Granulomatous cheilitis
1262,Granulosa cell tumour - Adult type granulosa cell 
1263,Graves disease
1264,Growth hormone deficiency
1265,Guanidinoacetate methyltransferase (GAMT) deficiency
1266,Guanosine triphosphate cyclohydrolase I deficiency
1267,Guillain-Barre Syndrome
1268,Gynecomastia
1269,H. pylori infection
1270,HAEMANGIAOMA
1271,haemangioblastoma (who grade 1)
1272,Haemangioma of the bone
1273,Haemangiomas of subcut/deep soft tissue: capillary
1274,haematocolpos
1275,HAEMATOMA OF BREAST
1276,haematometra
1277,haematopoietic stem cell transplantation
1278,Haemopoietic Tumours
1279,haemorrhagic retinopathy
1280,HAEMORRHOIDS
1281,Halitosis
1282,Halo dermatitis
1283,Halo naevus
1284,Hamartoma of mature cardiac myocytes
1285,hand foot mouth syndrome
1286,"Hand, foot and mouth disease"
1287,Hand–arm vibration syndrome
1288,Harlequin ichthyosis
1289,HARTNUP DISEASE
1290,Head and pubic pediculosis
1291,Head lice 
1292,heart block
1293,heart disease in pregnancy
1294,heart failure
1295,Heart transplantation
1296,Heat or cold
1297,Helminths infection
1298,HEMANGIOMA
1299,Hematocolpos - Absence of mensuration
1300,HEMIBALLISMUS
1301,Hemoglobin decreased
1302,Hemolytic anemia
1303,Hemolytic Uremic Syndrome
1304,hemophilia A and B
1305,hemorrhagic disease of newborn
1306,Hemorrhagic enteritis
1307,Hemorrhagic pancreatitis
1308,Hemorrhagic Stroke (HS)
1309,HEMORRHOIDAL DISEASE
1310,Hemothorax
1311,HENOCH-SCHONLEIN PURURA
1312,Hepatic carcinoma
1313,HEPATIC ENCEPHALOPATHY
1314,hepatic fibrosis
1315,Hepatic tumors
1316,Hepatitis A
1317,Hepatitis A infection
1318,Hepatitis B
1319,Hepatitis B dermatology
1320,Hepatitis C
1321,Hepatitis C dermatology
1322,Hepatitis D
1323,Hepatitis E
1324,Hepatobiliary disorders
1325,HEPATOBLASTOMA
1326,hepatocellular adenoma
1327,hepatocellular carcinoma
1328,Hepatorenal Tyrosinemia Type I
1329,Hereditary angioedema
1330,Hereditary benign intraepithelial  dyskeratosis(13
1331,hereditary coproporphyria
1332,hereditary elliptocytosis
1333,Hereditary Fructose Intolerance
1334,hereditary fructose intolerance(deficency of fruct
1335,HEREDITARY HEMOCHROMATOSIS
1336,Hereditary hypophosphatemic rickets
1337,hereditary or idiopathic angioedema
1338,Hereditary sensory and autonomic neuropathy
1339,Hereditary Spastic Paraplegia
1340,hereditary spherocytosis
1341,Hereditary vitmin D resistant rickets
1342,Hernia
1343,Herpes B virus infection
1344,HERPES SIMPLEX
1345,Herpes simplex
1346,Herpes simplex stomatitis
1347,Herpes Simplex Virus Type 1 in Alzheimer's disease
1348,Herpes Zoster
1349,herpetic keratitis
1350,Herpetic whitlow
1351,Hexokinase deficiency
1352,Hibernoma
1353,Hidradenocarcinoma
1354,Hidradenoma
1355,Hidradenoma papilliferum
1356,Hidrocystoma
1357,high grade glandular intraepithelial neoplasia
1358,High -grade malignant glioma
1359,High -grade recurrent glioblastoma multiforme
1360,hip replacement surgery
1361,Hirschsprung’s disease
1362,Histamine Intolerance
1363,Histidinemia
1364,Histoplasmosis
1365,Histoplasmosis dermatology
1366,History of renal calculi
1367,history of thromboembolic disorders
1368,HIV-associated lipodystrophy
1369,HMG-CoA synthase (HMGCS) deficiency 
1370,Hodgkin's lymphoma
1371,Holocarboxylase synthetase deficiency
1372,Homocarnosinosis
1373,HOMOCYSTINURIA
1374,hook worm
1375,Hookworm Infection
1376,Hookworm Infestation
1377,HORESHOE KIDNEY
1378,"Horner’s syndrome,"
1379,House-dust mites
1380,HPV papilloma
1381,HSV 1 infection
1382,HTN URGENCY
1383,Human herpesvirus 8 infection
1384,Human Immunodeficiency Virus Disease: AIDS
1385,Human Papillomavirus Infections
1386,human retrovirus
1387,Human T-Lymphotropic Virus Type-1 Infection
1388,Huntington’s disease
1389,Huntington's disease
1390,HUS
1391,Hutchinson guilford progeria syndrome
1392,HYDATID LIVER DISEASE
1393,hydatiform mole
1394,HYDROCELE
1395,Hydrocephalus
1396,HYDRONEPHROSIS
1397,Hydrothorax
1398,HYMENOLEPIASIS NANA
1399,Hyper beta-alaninemia
1400,hyper IgM syndrome
1401,Hyperacute Conjunctivitis of Adults
1402,Hyperammonemia
1403,Hyperammonemia associated disease
1404,Hyperargininemia
1405,hyperbilirubinemia
1406,hypercalcemia
1407,Hypercarotenemia and 5 A deficiency
1408,HYPEREMESIS GRAVIDARUM
1409,Hypereosinophilic syndrome
1410,hyperglycemic hyperosmolar state
1411,HYPER-IgE SYNDROME
1412,hyperkalemia
1413,Hyperkalemic Renal Tubular Acidosis
1414,Hypermethioninemia (Methionine adenosyltransferase deficiency                                                        
1415,Hypermethioninemia (Methionine adenosyltransferase deficiencyS-adenosylhomocysteine hydrolase deficiency)
1416,HYPERMETROPIA
1417,hypernatremia
1418,HYPERNEPHROMA
1419,Hyperosmolar Hyperglycemic State
1420,Hyperoxalemia
1421,Hyperparathyroidism
1422,Hyperphosphataemia
1423,hyperplastic (metaplastic) polyps
1424,Hyperprolactinemia
1425,Hyperprolinemia (HP)
1426,hyperpyrexia
1427,hypersensitive teeth
1428,hypertension
1429,hypertension with diabetes
1430,Hypertensive crises with hypertensive encephalopathy
1431,HYPERTENSIVE EMERGENCY
1432,hypertensive encephalopathy
1433,Hypertensive ischaemic leg ulcer
1434,HYPERTENSIVE URGENCY
1435,HYPERTROPHIC CARDIOMYOPATHY
1436,hypertrophied turbinates
1437,HYPERVITAMINOSIS A
1438,HYPERVITAMINOSIS D
1439,hypnagogic/hypnopompic hallucination
1440,Hypocalcemia
1441,Hypocholesterolemia
1442,Hypoglycemia associated with antiinsulin antibodies
1443,hypokalemia
1444,hypomagnesemia
1445,hyponatremia
1446,hypoparathyroidism
1447,hypophosphataemia
1448,Hypophosphatasia
1449,hypophosphatemia
1450,Hypopituitarism
1451,hypoplastic left heart syndrome
1452,HYPOSPADIAS
1453,Hypothenar hammer syndrome
1454,hypothermia
1455,Hypothermia and hyperthermia
1456,Hypothyroidism
1457,Hypovitaminosis D
1458,hypovolaemic shock
1459,Hypoxanthine-guanine phosophoribosyltransferase deficiency
1460,Ichthyosis follicularis–atrichia–photophobia syndr
1461,Ichthyosis prematurity syndrome
1462,Ichthyosis vulgaris
1463,Idiopathic infantile hypercalcemia  
1464,Idiopathic infantile hypercalcemia (Williams syndr
1465,Idiopathic intracranial hypertension
1466,Idiopathic Nephrotic Syndrome
1467,IDIOPATHIC ORBITAL INFLAMMATORY DISEASE (PSEUDOTUM
1468,IDIOPATHIC PULMONARY FIBROSIS
1469,IDIOPATHIC RETROPERITONEAL  FIBROSIS
1470,Idiopathic Thrombocytopenic Purpura
1471,Idiopathic thrombocytosis purpura
1472,IDOPATHIC HYPERCALCIURIA
1473,IgA Nephropathy
1474,IgA vasculitis
1475,Ileocaecal Tuberculosis
1476,IMMATURE CATARACT
1477,Immature teratoma (malignant)
1478,Immune thrombocytopenia
1479,Immune-mediated thrombocytopenia
1480,Impaired learning and memory
1481,"Impaired peripheral, colour, and night vision"
1482,impaired respiratory function
1483,IMPERFORATED ANUS
1484,INCIDENTALOMA
1485,INCIPIENT CATARACT
1486,Inclusion body fibromatosis
1487,Incomplete Abortion
1488,INCONTINENCE OF URINE
1489,Incontinentia Pigmenti
1490,increased arterial stiffness
1491,INDIAN TICK TYPHUS
1492,Induce histamine release
1493,Induction of colitis
1494,inevitable abortion
1495,Infant of Diabetic Mother
1496,INFANTILE CORTICAL HYPEROSTOSIS (CAFFEY’S DISEASE)
1497,Infantile fibrosarcoma
1498,infantile haemangioma
1499,INFANTILE HEMANGIOENDOTHELIOMA
1500,Infantile myofibromatosis
1501,Infection caused by gram positive bacteria
1502,Infections caused by Talaromyces marneffei
1503,infectious arthritis
1504,INFECTIOUS ESOPHAGITIS
1505,Infective dermatitis
1506,Infective dermatitis associated with HTLV-1
1507,Infective endocarditis
1508,Infiltrating lipomatosis of the face
1509,Infiltrating urothelial carcinoma - with squamous 
1510,Infiltration anaesthesia
1511,Inflammation of  upper Genital tract
1512,INFLAMMATORY BOWEL DISEASES
1513,inflammatory bowel syndrome
1514,Inflammatory Brain Disease
1515,Inflammatory carcinoma
1516,Inflammatory myofibroblastic tumour
1517,Inflammatory peeling skin disease
1518,inflammatory polyps
1519,Influenza
1520,Inoculation herpes simplex
1521,Insulin-induced localized fat hypertrophy
1522,Insulin-induced localized lipoatrophy
1523,INSULINOMA
1524,Intense poisoning
1525,Intercostal nerve block
1526,intermittent asthma
1527,INTERNAL HORDEOLUM
1528,INTERSTITIAL CYSTITIS
1529,Interstitial cystitis or bladder pain syndrome
1530,Interstitial Lung Disease
1531,Interstitial pulmonary fibrosis
1532,intestinal adenocarcinoma
1533,intestinal candiasis
1534,Intestinal Lymphangiectasia
1535,intestinal transplantation
1536,Intestinal type
1537,Intimal sarcoma
1538,intra abdominal sepsis
1539,Intra Thoracic Tumour
1540,INTRACEREBRAL HEMORRHAGE
1541,Intracerebral neoplasm
1542,INTRACRANIAL HAEMORRHAGE
1543,intracranial hypertension
1544,Intracystic papillary carcinoma
1545,Intraductal papillary carcinoma
1546,intraductal papillary mucinous adenoma
1547,intraductal papillary mucinous carcinoma (non-inva
1548,intraductal papillary mucinous neoplasm with moder
1549,Intraductal proliferative lesions: Usual ductal hy
1550,intrahepatic bile duct cystadenoma
1551,intrahepatic cholangiocarcinoma (peripheral bile d
1552,intramuscuar haemangioma
1553,Intramuscular myxoma (incl. cellular variant)
1554,Intratubular germ cell neoplasia
1555,intraventricular hemorrhage
1556,intubation granuloma
1557,INTUSSUSSEPTION
1558,"Invasive candidiasis, "
1559,Invasive cribriform carcinoma
1560,"Invasive ductal carcinoma, not otherwise specified"
1561,Invasive lobular carcinoma
1562,Invasive micropapillary carcinoma
1563,Invasive papillary carcinoma
1564,invasive papillary mucinous carcinoma
1565,inversion
1566,Inverted urothelial papilloma
1567,IODINE DEFICIENCY
1568,IPEX SYNDROME
1569,iron deficiency anemia
1570,iron poisoning
1571,Irregular vaginal bleeding or spotting
1572,Irritable Bowel Syndrome
1573,Irritant contact dermatitis
1574,Irritant eczema
1575,Irritational Fibroma
1576,Ischaemic fasciitis
1577,ischaemic heart disease
1578,ischemic heart disease
1579,Ischemic Stroke
1580,IUGR
1581,Jagged Tooth
1582,jaundice in pregnancy
1583,JOB SYNDROME (HYPER IGE SYNDROME)
1584,Joint pain/Arthritis
1585,Jujin haemorrhagic fever
1586,JUVENILE DERMATOMYOSITIS
1587,Juvenile granulosa cell tumour
1588,Juvenile hyaline fibromatosis
1589,JUVENILE IDIOPATHIC ARTHITIS
1590,Juvenile Myoclonic Epilepsy
1591,JUVENILE NASOPHARYNGEAL ANGIOFIBROMA
1592,Juvenile springtime eruption
1593,Juxta-articular myxoma
1594,Kallmann Syndrome
1595,kaposi sarcoma
1596,Kaposiform haemangioendothelioma
1597,Kawasaki Disease
1598,Kawasaki disease
1599,Kawasaki disease dermatology
1600,Kawasaki syndrome
1601,KEARNS-SAYRE SYNDROME
1602,KELOID
1603,Keloids and hypertrophic scars
1604,keratinising squmaous cell carcinoma
1605,Keratinopathic ichthyoses
1606,KERATITIS
1607,Keratitis–ichthyosis–deafness
1608,keratoacanthoma
1609,KERATOCONUS
1610,Keratolytic winter erythema
1611,keratosis obliterans
1612,KEROSENE POISONING
1613,"Ketosis, "
1614,Kidney transplantation
1615,Klinefelters syndrome
1616,Krabbe Disease
1617,KWASHIORKER
1618,Kyasanur forest diease (KFD)
1619,KYPHOSCOLIOSIS
1620,L-2-hydroxyglutaric aciduria
1621,Lactic acidosis
1622,Langerhans cell histiocytosis
1623,Large cell carcinoma: Large cell neuroendocrine ca
1624,large cell neuroendocrine carcinoma
1625,LARSEN’S SYNDROME
1626,laryngeal atresia
1627,Laryngeal Carcinoma
1628,Laryngeal Diphtheria
1629,Laryngeal Paralysis
1630,laryngeal schwanomma
1631,laryngeal stenosis
1632,laryngeal webs
1633,Laryngocele
1634,Laryngomalacia
1635,laryngopyocoele
1636,laryngo-tracheo-bronchitis
1637,Lassa fever
1638,Lathosterolosis
1639,Lead Poisoning
1640,Leber congenital amaurosis (LCR)
1641,LEBER HEREDITARY OPTIC NEUROPATHY (LHON)
1642,Left Liver Lobe Abcess
1643,LEFT VENTRICULAR FAILURE
1644,LEG ULCERATION
1645,Legionnaire disease
1646,LEIGH DISEASE
1647,Leigh syndrome
1648,leiomyoma
1649,leiomyosarcoma
1650,"Leiomyosarcoma - Epithelioid variant, Myxoid varia"
1651,Leishmaniasis
1652,Lennox-Gastaut Syndrome
1653,LEOMYOMA
1654,Leprosy (Hansen disease)
1655,LEPROSY DERMATOLOGY
1656,Leptospirosis
1657,Leptospirosis dermatology
1658,Lesch-Nyhan Disease
1659,Lesch-Nyhan syndrome
1660,Lesser degrees of AV block
1661,Lethal congenital contractural syndrome (LCCS)
1662,leukemia
1663,Leukocyte adhesion deficiency
1664,LEUKODYSTROPHY
1665,leukoplakia
1666,Leydig cell tumour
1667,Lichen myxoedematosus
1668,Lichen Planus
1669,lichen sclerosus
1670,Lichen scrofulosorum
1671,Lichen simplex
1672,Lichen simplex and lichenification
1673,Lichen striatus
1674,Lichenoid drug eruption
1675,Lid trauma
1676,Liddle s syndrome
1677,Limb growth asymmetry
1678,LIMBAL DERMOID
1679,Limb-Girdle Muscular Dystrophies
1680,Linea Alba
1681,Linear IgA disease
1682,Linear Nevus Syndrome
1683,lingual abscess
1684,lingual thyroglossal duct cyst
1685,LINGUAL THYROID
1686,Lipid-rich carcinoma
1687,lipoblastoma/lipoblastopmatosis
1688,LIPOEDEMA
1689,Lipofibromatosis
1690,Lipo-lymphoedema
1691,lipoma
1692,lipomatosis
1693,lipomatosis of nerve
1694,Liposarcoma
1695,"Liposarcoma, not otherwise specified"
1696,Lipschutz ulceration
1697,Lissencephaly (LIS) Miller-Dieker syndrome
1698,listeriosis
1699,Livedo reticularis
1700,Livedoid vasculopathy/atrophie blanche
1701,LIVER ABSCESS
1702,Liver duct disease
1703,Liver impairment
1704,Liver transplantation
1705,LIVER TRAUMA
1706,Lobular neoplasia Lobular carcinoma in situ
1707,Local anaesthesia
1708,local irritant
1709,"local wound infection, s"
1710,Localized circumscribed and asymmetrical  hyperhidrosis
1711,Localized cutaneous amyloidoses
1712,Localized lipoatrophy and/or lipodystrophy
1713,Localized lipoatrophy due to injected corticosteroid
1714,Löffler Syndrome
1715,Loiasis
1716,Loiasis dermatology
1717,Long QT syndrome
1718,long Q-T syndrome
1719,Loricrin keratoderma
1720,Low grade fibromyxoid sarcoma hyalinizing spindle 
1721,low grade glandular intraepithelial neoplasia
1722,Low grade myofibroblastic sarcoma
1723,Lowe syndrome
1724,ludwig's angina
1725,Lujo virus haemorrhagic fever
1726,Lumbar epidural
1727,LUNG ABSCESS
1728,Lung cancer
1729,Lung Fibrosis
1730,lung toxicity
1731,Lupus Nephritis
1732,Lupus vulgaris dermatology
1733,LYME BORRELIOSIS
1734,Lyme disease
1735,Lyme disease dermatology
1736,lyme's disease
1737,LYMHOEDEMA
1738,Lymphangioleiomyomatosis
1739,Lymphangioma
1740,LYMPHANGIOMA AND LYMPHANGIOMATOSIS
1741,Lymphatic Filariasis
1742,Lymphatic filariasis dermatology
1743,Lymphocytic hypophysitis
1744,Lymphocytic Thyroiditis
1745,Lymphoedema–distichiasis syndrome
1746,lymphoepithelial carcinoma
1747,lymphoepithelioma like squamous cell carcinoma
1748,Lymphogranuloma venereum dermatology
1749,lymphoma
1750,Lymphoma'
1751,lymphomas
1752,Lysinuric 4 intolerance (Hyperdibasic aminoaciduri
1753,Lysinuric protein intolerance
1754,macular cyst
1755,Mad cow disease
1756,MAILGNANT LYMPHOMA
1757,Majeed syndrome
1758,Major depressive disorder
1759,Mal de Meleda
1760,Malakoplakia
1761,Malaria
1762,malaria falciparum
1763,Malassezia
1764,MALE INFERTILITY
1765,Malignant atrophic papulosis
1766,Malignant Brenner tumour
1767,malignant cutaneous neoplasms
1768,malignant diseases
1769,Malignant fibrous histiocytoma
1770,malignant glomus tumour
1771,Malignant hyperthermia
1772,Malignant Leydig cell tumour
1773,"Malignant lymphoma, NOS"
1774,Malignant melanoma
1775,Malignant melanoma of conjunctiva
1776,Malignant melanoma: Superficial spreading melanoma
1777,Malignant mesenchymoma
1778,MALIGNANT MESOTHELIOMA
1779,Malignant mixed tumour
1780,Malignant myoepithelioma
1781,malignant peripheral nerve sheath tumour
1782,malignant peripheral nerve sheath tumour (mpnst) (
1783,Malignant Sertoli cell tumour
1784,malignant thyroid tumour
1785,malignant tumor anus
1786,malignant tumors
1787,malleus fixation
1788,MALLORY WEISS AYNDROME
1789,MALLORY-WEISS TEAR
1790,Malnutrition
1791,MalOcclusion
1792,Malonyl-Coa decarboxylase deficiency
1793,MALUNION OF FRACTURE
1794,Mammary hamartoma
1795,Mammary-type myofibroblastoma
1796,management of acutely decompensated heart failure
1797,mania
1798,mantle cell lymphoma
1799,Maple Syrup Urine Disease
1800,Marburg and Ebola haemorrhagic fevers
1801,Marfan syndrome
1802,Marginal papular keratoderma
1803,marginal zone B cell lymphoma of MALT type
1804,MASTITIS
1805,MATURE  CATARCT
1806,mature teratoma
1807,Maturity onset diabetes of the young (MODY)
1808,Mayaro virus infection
1809,McCune-Albright Syndrome
1810,MEASLES
1811,Measles dermatology
1812,MECKEL'S DIVERTICULUM
1813,Meconium Aspiration Syndrome
1814,meconium ileus
1815,medium chain acyl-CoA dehydrogenase deficiency
1816,Medium-Chain Acyl CoA Dehydrogenase(MCAD) Deficien
1817,medullary carcinoma
1818,MEDULLARY SPONGE KIDNEY
1819,medulloblastoma
1820,medulloblastoma (who grade 4)
1821,MEGALOBLASTIC ANAEMIA
1822,melanoma
1823,"Melanotic macules, simple lentigo and lentiginous "
1824,"MELAS (MITOCHONDRIAL MYOPATHY, ENCEPHALOPATHY, LAC"
1825,Melioidosis
1826,Membranoproliferative Glomerulonephritis
1827,meniere's disease
1828,Meningioma
1829,Meningitis
1830,Meningitis.
1831,Meningococcal Infections
1832,Meningococcal Meningitis
1833,MENINGOCOELE
1834,MENINGOENCEPHALOCOELE
1835,MENKES DISEASE
1836,Mesenchymal chondrosarcoma
1837,Mesentric Ischemia
1838,Mesentric Lymphadenitis
1839,mesonephric adenocarcinoma
1840,Metabolic abnormalities
1841,metabolic acidosis
1842,metabolic alkalosis
1843,Metabolic syndrome
1844,Metachromatic Leucodystrophy
1845,Metachromatic Leukodystrophy (
1846,Metachromatic leukodystrophy (MLD)
1847,Metanephric adenoma
1848,Metanephric stromal tumour
1849,Metaphyseal dysplasia
1850,Metaplastic carcinomas: Pure epithelial metaplasti
1851,metastatic colorectal cancer
1852,metastatic disease
1853,Metastatic malignancy
1854,Metastatic melanoma
1855,Metastatic nonseminomatous testicular cancer
1856,metastatic non-small cell lung cancer
1857,metastatic ovarian tumours
1858,metastatic thyroid carcinoma
1859,Metastatic tuberculous abscess
1860,Metastatic tumours
1861,Metastatic tumours and tumours extending from othe
1862,"metastatic, or advanced and refractory non-small cell lung cancer"
1863,Methacrylic aciduria / 3-Hydroxy-isobutyryl-CoA hy
1864,methemoglobinemia
1865,Methylcobalamin deficiency type G (cblG)
1866,microcephaly
1867,Microcystic adnexal carcinoma
1868,Microinvasive carcinoma
1869,Microscopic polyangiitis
1870,middle ear tumours
1871,migraine
1872,Miliaria
1873,MILKER'S NODULE
1874,Miller Syndrome/Genee-wiede mann syndrome
1875,minimal deviation adenocarcinoma
1876,MINOR SALIVARY GLAND TUMOUR
1877,minor's syndrome
1878,missed abortion
1879,Mitochondrial Complex V Deficiency Type-I
1880,Mitochondrial DNA depletion syndrome (MDS)        
1881,Mitochondrial neurogastrointestinal encephalomyopa
1882,Mitochondrial trifunctional 4 (TFP) deficiency (Lo
1883,mitral regurgitation
1884,mitral stenosis
1885,MITRAL VALVE PROLAPSE
1886,MIttelschmerz
1887,mixed acinar- endocrine carcinoma
1888,mixed carcinoid-adenocarcinoma
1889,Mixed cell adenocarcinoma
1890,Mixed Connective Tissue Disease
1891,mixed ductal-endocrine carcinoma
1892,Mixed embryonal carcinoma and teratoma
1893,Mixed germ cell tumour
1894,Mixed leg ulcer
1895,Mixed teratoma and seminoma
1896,Mixed tumour (chondroid syringoma)
1897,Mixed tumour / Myoepithelioma / Parachordoma
1898,Mixed-type liposarcoma
1899,moderately persistent asthma
1900,Molebdnum Cofactor Defficiency
1901,Molluscum Contagiosum
1902,Mondor disease
1903,MONKEYPOX
1904,Monodermal teratoma and somatic-type tumours assoc
1905,MONOMORPHIC ADENOMA
1906,Moore lightening streaks
1907,movement disorders
1908,mucinous adenocarcinoma
1909,Mucinous carcinoma
1910,Mucinous carcinoma and other tumours with abundant
1911,mucinous cystadenocarcinoma (invasive)
1912,mucinous cystadenocarcinoma (non-invasive)
1913,mucinous cystadenoma
1914,mucinous cystic neoplasm with moderate dysplasia
1915,mucinous non cystic carcinoma
1916,Mucinous tubular and spindle cell carcinoma
1917,Mucocele
1918,mucocoele of petrous apex
1919,MUCOEPIDERMOID CARCINOMA
1920,Mucopolysaccharidoses
1921,Mucopolysaccharidosis (MPS) and Hyaluronidase defi
1922,mucormycosis
1923,mucosal melanoma
1924,Mucous membrane pemphigoid
1925,mucous retention cyst
1926,mullerian papilloma
1927,Multi nodular goiter
1928,Multibacillary leprosy
1929,Multilocular clear cell renal cell carcinoma
1930,Multiple carboxylase Deficiency/Holocarboxylase sy
1931,multiple endocrine neoplasia type IL
1932,MULTIPLE ENDOCRINE NEOPLASIAS 1(MEN 1)
1933,MULTIPLE ENDOCRINE NEOPLASIAS 2(MEN 2)
1934,MULTIPLE EPIPHYSEAL DYSPLASIA
1935,multiple fracture
1936,Multiple minute digitate hyperkeratoses
1937,multiple myeloma
1938,multiple pregnancy
1939,Multiple Sclerosis
1940,Multiple sulphatase deficiency
1941,Multiple tricholemmomas
1942,Mumps
1943,Muscular dystrophies
1944,Muscular hypertonia
1945,Muscular hypotonia
1946,MYASTHENIA GRAVIS
1947,Mycetoma dermatology
1948,Mycobacterium avium complex
1949,Mycobacterium haemophilum infection
1950,Mycobacterium kansasii infection
1951,Mycobacterium marinum infection
1952,Mycobacterium scrofulaceum infection
1953,Mycobacterium szulgai infection
1954,Mycobacterium ulcerans infection
1955,Mycoplasma infections dermatology
1956,mycoplasma pnemonia
1957,Mycosis fungoides
1958,Myelination
1959,Myelodysplastic syndrome
1960,Myelography
1961,Myocardial depression
1962,myocardial imaging
1963,Myocardial infarction
1964,Myocardial infarction
1965,myocarditis
1966,Myoclonic Seizures
1967,MYOCLONUS EPILEPSY
1968,MYOEPITHELIAL CARCINOMA
1969,MYOEPITHELIOMA
1970,Myoepitheliosis
1971,Myofibroma / Myofibromatosis
1972,Myofunctional Pain Dysfunction Syndrome
1973,myolipoma
1974,Myopericytoma
1975,Myositis ossificans fibro-osseous pseudotumour of 
1976,Myotonic Muscular Dystrophy
1977,Myxoedema in thyroid diseases
1978,Myxofibrosarcoma
1979,Myxoid liposarcoma
1980,Myxoinflammatory fibroblastic sarcoma
1981,MYXOMA
1982,N-acetylglutamate synthetase deficiency
1983,NAFLD
1984,Nail Bitting
1985,NASAL DERMOID
1986,nasal lymphoma
1987,nasal myiasis
1988,nasopalatine duct cyst
1989,NASOPHARYNGEAL CANCER
1990,nasopharyngeal cysts
1991,nausea and vomiting associated with chemotherapy
1992,Necrobiosis lipoidica
1993,Necrolytic migratory erythema
1994,Necroptosis
1995,NECROTISING FASCIITIS
1996,Necrotising pancreatitis
1997,Necrotizing fasciitis
1998,Necrotizing subcutaneous infections
1999,Neimann Pick Disease
2000,Neonatal cholestasis
2001,Neonatal herpes
2002,Neonatal herpes simplex
2003,Neonatal hypoxia
2004,Neonatal listeriosis
2005,neonatal sepsis
2006,Neoplasms with perivascular epithelioid cell diffe
2007,Nephroblastoma - Cystic partially differentiated
2008,Nephrogenic diabetes insipidus
2009,Nephrogenic rests
2010,Nephrogenic systemic fibrosis
2011,nephrolithiasis
2012,nephrosis
2013,nephrotic syndrome
2014,NERUROENDOCRINE TUMORS OF THE BRONCHI
2015,Netherton syndrome
2016,Neu–Laxova syndrome
2017,NEURAL TUBE DEFECT
2018,Neurilemmoma
2019,NEUROBLASTOMA
2020,neurocysticercosis
2021,Neurodegeneration
2022,Neurodegeneration with brain iron accumulation (NB
2023,NEUROENDOCRINE TUMOURS OF THE SMALL BOWEL
2024,NEUROENDOCRINE TUMOURS OF THE STOMACH
2025,Neuroendocrine tumours: Solid neuroendocrine carci
2026,NEUROENTERIC CYST
2027,neurofibroma
2028,neurofibroma (who grade 1)
2029,Neurofibromatosis
2030,Neuromyelitis Optica
2031,Neuropsychiatric disorders
2032,Neutrophilic eccrine hidradenitis
2033,Neutrophilic lobular panniculitis
2034,Niemann-Pick disease (NPD) typeA and B
2035,Nipple adenoma
2036,No dehydration
2037,Nocardiosis
2038,Nocardiosis dermatology
2039,Nodular fasciitis
2040,Nodular vasculitis
2041,Nodule formation
2042,non allergic rhinitis
2043,NON FUNCTIONAL ENDOCRINE PANCREATIC TUMORS
2044,non keratinising squmaous cell carcinoma
2045,NON SEMINOMATOUS GERM CELL TUMORS
2046,"Nonatypical hyperplasia: Simple, Complex (adenomat"
2047,Non-epidermolytic palmoplantar keratoderma
2048,non-hodgkin's lymphoma
2049,Nonketotic hyperglycinemia
2050,Nonneurogenic Neurogenic Bladder (Hinman Syndrome)
2051,NON-OSSIFYING FIBROMA
2052,non-specific urethritis (NSU)
2053,nonsquamous malignant lesions
2054,NSAIDS associated ulcereration
2055,NSTEMI
2056,Nuchal-type fibroma
2057,O’Nyong–Nyong fever
2058,obsessive compulsive tendencies
2059,Obstetric caudal analgesia
2060,Obstructive airway disease
2061,obstructive cardiomyopathy
2062,obstructive sleep apnea
2063,Obstructive valvular disease
2064,occlusive peripheral arterial disease
2065,occlusive vascular disease
2066,Oculocutaneous albinism (OCA)
2067,Odontogenic Cyst
2068,oligodendroglioma (who grade 2)
2069,Oliguria
2070,oliguria in acute or chronic renal failure
2071,Olmsted syndrome
2072,Omphalitis
2073,Onchocerciasis
2074,Onchocerciasis
2075,Oncocytic carcinoma
2076,Oncocytoma
2077,Onychomatricoma
2078,Onychomycosis
2079,open angle glaucoma
2080,OPHTHALMIA NEONATORUM
2081,OPTIC NERVE GLIOMA
2082,oral aphthous ulcers
2083,oral candidiasis
2084,Oral hairy leukoplakia
2085,oral thrush
2086,orbital cellulitis
2087,Orbital Haemangiomas
2088,ORBITAL MUCORMYCOSIS
2089,ORF
2090,Orificial tuberculosis
2091,Ornithinaemia (Gyrate Atrophy)
2092,Ornithine transcarbamylase deficiency
2093,oropharyngeal candidiasis
2094,Oropharyngeal oedema
2095,Orotic aciduria I
2096,Oroya fever and verruga peruana
2097,ossicular discontinuity
2098,Ossifying fibromyxoid tumour (incl. atypical / mal
2099,Osteoarthritis
2100,Osteoblastoma
2101,Osteochondroma
2102,OSTEOCHONDROSIS (OSTEOCHONDRITIS)
2103,OSTEOCLASTOMA (GIANT CELL TUMOUR)
2104,Osteofibrous dysplasia
2105,osteogenesis imperfecta
2106,Osteoid osteoma
2107,osteoma
2108,osteoma of ear
2109,Osteomalasia
2110,osteomyelitis
2111,OSTEOPETROSIS (ALBERS–SCHÖNBERG DISEASE)
2112,Osteoporosis
2113,osteosarcoma
2114,"Osteosarcoma Conventional (chondroblastic, fibrobl"
2115,OTITIS EXTERNA
2116,otitis media with effusiion
2117,OTITIS MEDIA WITH EFFUSION
2118,otogenic brain abscess
2119,Otomycosis dermatology
2120,otosclerosis
2121,Ovarian Cyst
2122,Ovarian Tumour
2123,ovulatory dysfunction
2124,P450 oxidoreductase deficiency
2125,Pachyonychia congenita
2126,Paget disease of breast
2127,Paget disease of the nipple
2128,PAGET’S DISEASE OF BONE
2129,paget's disease
2130,Pain at the site of bony metastases
2131,Pain Disease
2132,Palatal Abscess
2133,pallister killian syndrome
2134,Palmar fascial fibromatosis
2135,palmar-plantar syndrome
2136,Palmoplantar keratoderma
2137,palmo-plantar pustular psoriasis
2138,Palmoplantar pustulosis
2139,pancreatic cancer
2140,pancreatic exocrine deficiency
2141,PANCREATIC FISTULA
2142,pancreatic pseudocyst
2143,pancreatic transplantation
2144,Pancreatitis
2145,pancreatoblastoma
2146,pancytopenia
2147,Panhypopituitarism
2148,papillary adenoma
2149,PAPILLARY CARCINOMA
2150,Papillary cystic tumour
2151,papillary glioneuronal tumour (who grade 1)
2152,Papillary hidradenoma
2153,Papillary intralymphatic angioendothelioma
2154,Papillary renal cell carcinoma
2155,papillary squamous cell carcinoma
2156,PAPILLOMA AND ADENOMA
2157,PAPILLOMA OF THE NIPPLE
2158,"Papillomas: Squamous cell papilloma (Exophytic, In"
2159,Papillomas: Squamous cell papilloma and verruca vu
2160,papillomatosis (adenomatosis)
2161,Papular and nodular mucinosis in connective tissue
2162,Papular-pruritic gloves and socks syndrome
2163,Papulonecrotic tuberculid
2164,Papulopustular eruptions
2165,Paracervical block
2166,paracoccidioidomycosis
2167,Paracoccidioidomycosis
2168,paraganglioma of the spinal cord (who grade 1)
2169,paragonimiasis
2170,Paragonimiasis dermatology
2171,Paralysis
2172,paralytic squint
2173,Paranoid psychosis
2174,PARAOESOPHAGEAL(ROLLING) HIATUS HERNIA
2175,parapharyngeal abscess
2176,PARAPHARYNGEAL SPACE PLEOMORPHIC ADENOMA
2177,Parasitic Blepharitis (Lash Infestation)
2178,parasitic infections
2179,PARATHYROID CARCINOMA
2180,Parathyroid Hormone Metabolism
2181,Paravertebral block
2182,Parechovirus infection
2183,Parkinson’s Disease
2184,parkinsonism like syndrome
2185,paroxysmal atrial fibrillation
2186,Paroxysmal haematoma of the finger
2187,paroxysmal nocturnal hemoglobinuria
2188,paroxysmal supraventricular tachycardia
2189,Partial Edentulous
2190,partial heart block
2191,Partial Impacted Tooth
2192,Partially Controlled Asthma
2193,PARVOVIRUS B19
2194,parvovirus infection
2195,Pasteurella multocida and related infections(14061
2196,PATELLA FRACTURE
2197,patent ductus arteriosus
2198,pathological myopia
2199,Patients with undiagnosed genital bleeding
2200,patulous eustachian tube
2201,Paucibacillary leprosy
2202,PELIZAEUS-MERZBACHER DISEASE
2203,Pellagra
2204,pelvic abscess
2205,Pelvic Inflamatory Disease
2206,pemphigoid gestations
2207,Pemphigus
2208,Pemphigus Vulgaris
2209,Pemphigus vulgaris and foliaceus
2210,Penile Cancer
2211,Penile fibromatosis
2212,PENILE INTRAEPITHELIAL NEOPLASIA
2213,penile melanosis
2214,Pentosuria
2215,PEPTIC ULCER DISEASE
2216,peptic ulcer syndrome
2217,percutaneous coronary intervention
2218,Percutaneous transluminal coronary angioplasty
2219,Perforated Duodenal Ulcer
2220,Perforating keratotic disorders
2221,PERFORATION OF OESOPHAGUS
2222,Perianal streptococcal cellulitis
2223,Periapical Abscess
2224,"Periductal stromal sarcoma, low grade"
2225,perilymphatic fistula
2226,perineal tear
2227,PERINEPHRIC ABSCESS
2228,periorbital cellulitis
2229,peripheral arterial disease
2230,Peripheral arterial thromboembolism
2231,Peripheral neuropathy
2232,Peripheral papilloma
2233,peripheral vascular disease
2234,PERIPROSTHETIC INFECTION
2235,peritonsillar cellulitis
2236,Perniosis
2237,Peroxisomal Beta Oxidation Enzyme Deficiency (D-bi
2238,Persistant pulmonary hypertension
2239,Persistent (recurrent) melanocytic naevus
2240,PERSISTENT HYPERPARATHYROIDISM
2241,Peters anomaly
2242,peutz- jeghers polyps
2243,PEUTZ-JEGHER SYNDROME
2244,PHACE Syndrome
2245,PHAEOCHROMOCYTOMA
2246,Phaeohyphomycosis
2247,phenothiazine poisoning
2248,PHENYLKETONURIA
2249,Phenylketonuria (Phenylalanine hydroxylase deficie
2250,PHEOCHROMOCYTOMA
2251,PHIMOSIS
2252,PHLYCTEN
2253,PHOBIC DISORDERS
2254,Phosphofructokinase deficiency or Tarui's disease 
2255,Phosphoglucomutase 1 deficiency
2256,"Phosphoglucomutase 1 deficiency, CONGENITAL DISORDER OF GLYCOSYLATION"
2257,Phosphoglycerate kinase deficiency
2258,Phosphoglycerate mutase deficiency
2259,Phosphoribosyl Pyrophosphate Synthetase
2260,Phosphoribosyl Pyrophosphate synthetase-1 Superact
2261,Phosphoserine aminotransferase (PSAT) deficiency
2262,Photosensitivity
2263,Phyllodes tumour - Benign
2264,Phyllodes tumour - borderline
2265,Phyllodes tumour - malignant
2266,PHYLLOIDES TUMOUR
2267,Physical and artefactual bleeding
2268,PHYSIOLOGIC ANEMIA OF INFANCY
2269,physiological hyperbilirubinemia
2270,PID
2271,Piezogenic pedal papules
2272,Pigmented purpurpic dermatosis
2273,Pigmented spindle cell naevus (Reed)
2274,Piles
2275,Pilomatrical carcinoma
2276,Pilomatricoma
2277,pilomatrixoma in midline of neck
2278,pilomyxoid astrocytoma (who grade 2)
2279,pindborg tumour
2280,pineal parenchymal tumour of intermediate differen
2281,pineoblastoma (who grade 4)
2282,pineocytoma (who grade 1)
2283,PINGUECULA
2284,Pinkus follicular mucinosis
2285,pinna cellulitis
2286,Pinta
2287,Pinta dermatology
2288,Pinworm infestation
2289,Pitted keratolysis
2290,pituicytoma (who grade 1)
2291,Pityriasis alba
2292,Pityriasis rotunda
2293,pityriasis rubra pilaris
2294,placenta abruptio
2295,placenta previa
2296,Placental site trophoblastic tumour
2297,Plague
2298,Plague and Yersinia infections
2299,Plantar fascial fibromatosis
2300,plaque psoriasis
2301,Plasma cell myeloma
2302,Platelet plugging: heparin necrosis
2303,Platelet plugging: thrombocytosis
2304,Pleomorphic â€˜MFHâ€™ / Undifferentiated pleomorphic sarcoma
2305,Pleomorphic adenoma
2306,Pleomorphic hyalinizing angiectatic tumour
2307,Pleomorphic liposarcoma
2308,Pleomorphic rhabdomyosarcoma
2309,pleomorphic xanthoastrocytoma (who grade 2)
2310,PLEURAL EFFUSION
2311,Pleural thickening
2312,Pleurisy
2313,Plexiform fibrohistiocytic tumour
2314,PLUMMER V
2315,plummer vinson syndrome
2316,PLUMMER-VINSON SYNDROMW
2317,plunging ranula
2318,PNEMUNOTHORAX
2319,PNET / Extraskeletal Ewing tumour
2320,Pneumocystis
2321,Pneumocystis pneumonia
2322,Pneumomediastinum
2323,PNEUMONIA
2324,PNEUMOTHORAX
2325,POAG
2326,Poisoning
2327,poliomyelitis
2328,Polyarteritis
2329,Polyarteritis Nodosa
2330,Polyarteritis nodosa and cutaneous polyarteritis n
2331,POLYCYSTIC KIDNEY
2332,Polycystic Kidney Disease
2333,POLYCYSTIC LIVER DISEASE
2334,Polycystic Ovarian Disease
2335,Polycythaemia
2336,Polycythemia vera
2337,Polyembryoma
2338,polyhydramnios
2339,POLYMAZIA
2340,Polymorphic eruption of pregnancy
2341,Polymorphic light eruption
2342,Polymorphous low-grade adenocarcinoma
2343,POLYMYOSITIS
2344,polyp of ear canal
2345,Poor Drug Metabolism
2346,Porocarcinoma
2347,Porokeratoses
2348,Poroma
2349,Porphyria Cutanea Tarda
2350,Porphyria cutanea tarda
2351,PORPHYRIA(DELTA AMINOLEVULINIC ACID DEHYDRATASE PO
2352,PORTAL HYPERTENSION
2353,POST ANAL DERMOID
2354,post- aural fistula
2355,Post Extraction Neuralgia
2356,post partum hemorrhage 
2357,POST TRAUMATIC OSTEOMYELITIS
2358,Posterior Blepharitis (Meibomitis)
2359,POSTERIOR URETHRAL VALVES
2360,POSTERIOR VITREOUS DETACHMENT
2361,Post-inflammatory erythema
2362,POSTMENOPAUSAL BREAST CANCER
2363,Postmenopausal osteoporosis
2364,Postnatal prophylaxis with anti-D immunoglobulin
2365,postoperative spindle cell nodule
2366,Postpartum depression
2367,Poststreptococcal Glomerulonephritis
2368,POTT'S PARAPLEGIA
2369,Poxvirus infections
2370,praderwilli syndrome
2371,pre eclampsia
2372,pre-auricular sinus
2373,Precipitate myocardial infarction
2374,Precipitate or aggravate systemic lupus erythematosus
2375,precocious puberty
2376,Pre-Eclampsia
2377,pre-existing renal disease
2378,pre-existing risk of malignancy
2379,Pre-existing second or third-degree AV block
2380,Pregnancy Complicated by Insulin-Dependent Diabete
2381,Pregnancy with Chronic Hypertension
2382,Pregnancy with Pain and bleeding
2383,Pregnene hydroxylation deficiency
2384,premature ejaculation
2385,Premature rupture of memberanes
2386,Premenstrual dysphoric disorder
2387,Preoperative management of hyperaldosteronism
2388,Pre-operative thinning
2389,Pre-operative thinning of the endometrium
2390,PRESBYOPIA
2391,PRESEPTAL CELLULITIS
2392,Pressure Injury and Pressure Ulcers
2393,preterm labour
2394,Prevent nausea and vomiting caused by cancer drug treatment
2395,prevention of acute graft rejection after kidney transplantation
2396,Prevention of Excessive bleeding
2397,Prevention of secondary cases of diphtheria or pertussis
2398,Primary Adrenal Insufficiancy
2399,PRIMARY BILIARY CIRRHOSIS
2400,Primary Carnitine Deficiency
2401,primary ciliary dyskinesia
2402,Primary Ciliary Dyskinesia(Immotile Cilia Syndrome
2403,Primary dystonia
2404,Primary herpes genitalis
2405,Primary herpetic gingivostomatitis
2406,Primary hyperoxaluria
2407,Primary hyperoxaluria II
2408,Primary hyperoxaluria Type 1
2409,PRIMARY HYPERPARATHYROIDISM
2410,primary hyperplastic primary vitreous
2411,PRIMARY LUNG CANCER
2412,Primary melanoma
2413,Primary open angle glaucoma
2414,PRIMARY SCLEROSING CHOLANGITIS
2415,Primary thrombocythaemia
2416,Prion Diseases
2417,PROCTITIS
2418,Profound metabolic acidosis
2419,progeria
2420,Progressive familial intrahepatic cholestasis (PFI
2421,Progressive symmetrical erythrokeratoderma
2422,Prolactinoma
2423,prolapse
2424,Proliferating tricholemmal tumour
2425,Proliferative fasciitis
2426,Proliferative myositis
2427,prophylaxis
2428,Prophylaxis of malaria
2429,prophylaxis of stroke in high-risk children
2430,prophylaxis of thromboembolism
2431,prophylaxis of venous thromboembolism
2432,Propionic acidemia
2433,Prostate cancer
2434,PROSTATIC CALCULI
2435,Prostatic intraepithelial neoplasia (PIN)  Prostat
2436,proteinuria in nephritis
2437,Proximal Renal Tubular Acidosis
2438,PRURITIS VULVA
2439,Pruritus ani
2440,PSEUDOACHONDROPLASIA
2441,Pseudomonas infection
2442,Pseudoporphyria
2443,Pseudotumor Cerebri
2444,Pseudoxanthoma elasticum
2445,Psittacosis
2446,Psittacosis dermatology
2447,psoriasis
2448,Psoriasis and generalized pustular psoriasis(14081
2449,PSORIATIC ARTHRITIS
2450,psoriatic arthritis
2451,Pterygium
2452,puberphonia
2453,Pudendal block
2454,puerpural sepsis
2455,Pulmonary abscess
2456,Pulmonary Alveolar Proteinosis
2457,PULMONARY ARTERIAL HYPERTENSION
2458,pulmonary edema
2459,Pulmonary Embolism
2460,Pulmonary Hemosiderosis
2461,pulmonary hypertension
2462,Pulmonary Inflammation
2463,Pulmonary tuberculosis
2464,pulmonary valvular disease
2465,Pulmonary vascular disorder
2466,PULMONARY VENOOCCULUSIVE DISEASE
2467,PULMORARY  EMBOLISM
2468,Pulp Polyp
2469,Punctate palmoplantar keratoderma
2470,Purine nucleoside phosphorylase deficiency
2471,Pyelonephritis
2472,pyoderma gangrenosum
2473,Pyoderma vegetans
2474,PYOGENIC LIVER ABSCESSS
2475,PYONEPHROSIS
2476,Pyosalpinx
2477,Pyridox(am)ine-5'-phosphate oxidase (PNPO) deficiency
2478,Pyridoxal dependent epilepsy
2479,PYRIDOXINE
2480,Pyridoxine-dependent epilepsy
2481,pyrifrom aperture stenosis
2482,Pyruvate carboxylase deficiency
2483,Pyruvate dehydrogenase deficiency
2484,Pyruvate dehydrogenase lipoic acid synthetase defi
2485,Pyruvate kinase (PK) deficiency   (hereditary nons
2486,PYRUVATE KINASE DEFICIENCY
2487,Q Fever
2488,Quadriparesis
2489,Rabies
2490,Radial scar / complex sclerosing lesion
2491,radiation induced laryngitis
2492,Radiculopathy
2493,Radiotherapy-associated skin side effects
2494,Raised gamma-glutamyl transferase
2495,Rampant Caries
2496,ramsay hunt syndrome
2497,RANULA
2498,Rapidly Progressive (Crescentic) Glomerulonephriti
2499,Rasmussen Syndrome
2500,rat bite fever
2501,Raynaud phenomenon
2502,Reactions to arsenic
2503,Reactions to gold
2504,Reactions to lead
2505,Reactions to mercury
2506,Reactions to selenium
2507,reactive arthritis
2508,Recall reaction
2509,recent head trauma
2510,Recessive X-linked ichthyosis
2511,rectal polyp
2512,RECTAL PROLAPSE
2513,Recto Vaginal Fistula
2514,rectovaginal fistula
2515,Recurrent Angio-oedema without Weals
2516,Recurrent aphthous stomatitis
2517,Recurrent Apthous Stomatis
2518,Recurrent cutaneous necrotizing eosinophilic vasculitis
2519,Recurrent genital herpes
2520,RECURRENT HYPOPARATHYROIDISM
2521,recurrent or progressive malignant gliomas
2522,Recurrent oro-facial and cutaneous herpes
2523,Recurrent Pericoronitis
2524,Recurrent toxin-mediated perineal erythema
2525,Red degeneration of Fibroid
2526,Reduction in hemoglobin
2527,REFRACTIVE ERROR
2528,refractory disease
2529,Refractory status epilepticus
2530,refractory supraventricular tachycardia
2531,Regurgitant valvular disease
2532,reinke's oedema
2533,relapsed chronic lymphocytic leukaemia
2534,relapsed follicular beta cell non-Hodgkin's lymphoma
2535,relapsing fever
2536,Relapsing fever dermatology
2537,Relapsing form of multiple sclerosis
2538,RELAPSING POLYCHONDRITIS
2539,Relief of  vesicourethral spasms resulting from instrumentation or surgery
2540,RENAL ARTERY STENOSIS
2541,RENAL CALCULI
2542,RENAL CARBUNCLE
2543,RENAL CELL Carcinoma
2544,renal disease
2545,Renal disorders
2546,RENAL ECTOPIA
2547,renal impairment
2548,Renal medullary carcinoma
2549,renal papillary necrosis
2550,RENAL TUBERCULOSIS
2551,Renal tubular acidosis
2552,Renal Vein Thrombosis
2553,resistant hypertension
2554,resistant oedema
2555,Respiration
2556,respiratory acidosis
2557,respiratory alkalosis
2558,Respiratory Distress Syndrome
2559,Respiratory Function Disorder
2560,Respiratory syncytial virus
2561,Respiratory tract infection
2562,restrictive cardiomyopathy
2563,Retained Deciduous Teeth
2564,RETENTION CYST OF A GLAND OF MONTGOMERY
2565,RETENTION OF URINE
2566,Reticular erythematous mucinosis
2567,Retiform
2568,Retiform haemangioendothelioma
2569,RETINAL DETACHMENT
2570,retinitis
2571,RETINITIS PIGMENTOSA
2572,RETINOBLASTOMA
2573,RETINOBLASTOMA OPHTHAL
2574,RETINOPATHIES
2575,Retinopathy of Prematurity
2576,retropharyngeal abscess
2577,retropharyngeal ganglia tuberculosis
2578,RETROSTERNAL GOITRE
2579,RETT SYNDROME
2580,REYE SYNDROME
2581,Rhabdomyolysis
2582,Rhabdomyoma
2583,"Rhabdomyoma - adult type, fetal type, genital type"
2584,rhabdomyosarcoma
2585,Rheumatoid arthiritis
2586,rheumatoid arthritis
2587,rheumatoid nodules
2588,Rhinosporidiosis dermatology
2589,Rhizomelic chondrodysplasia punctata
2590,RIBOFLAVIN
2591,Ribose-5-phosphate isomerase deficiency
2592,Ribose-5-phosphate isomerase deficiency
2593,RICKETS
2594,ricketticosis
2595,Rickettsialpox dermatology
2596,rift valley fever
2597,Right Lower Lobe Pneumonia
2598,Rise in prolactin concentration
2599,Risk of cardiac arrhythmia
2600,Risk of transplacental haemorrhage
2601,rod-cone dystrophies
2602,Root Stumps
2603,Roseola infantum
2604,rosette forming glioneuronal tumour of the fourth 
2605,Ross River virus
2606,Rota virus
2607,Rotor Syndrome
2608,Round cell liposarcoma
2609,Routine Immunization
2610,rubella
2611,Rubella dermatology
2612,RUBINSTEIN TYABI SYNDROME
2613,Rumination Disorder
2614,S.L.E
2615,salmonellosis
2616,Sarcoidosis
2617,sarcoma
2618,sarcoma botryoides
2619,Sarcoma Fibroid
2620,Sarcomatoid lung carcinoma
2621,Sarcosinemia
2622,scabies
2623,scabies dermatology
2624,scalp psorasis
2625,scarlet fever
2626,Scarring
2627,schistosomiasis
2628,Schizophrenia
2629,schneiderian papilloma
2630,schwannoma
2631,schwannoma (who grade 1)
2632,Scleredema
2633,Sclerema neonatorum
2634,SCLERITIS
2635,scleroderma
2636,Sclerosing epithelioid fibrosarcoma
2637,sclerosing panniculitis
2638,Sclerosing stromal tumour
2639,Scrofuloderma
2640,Scrotal calcinosis
2641,Scrub typhus dermatology
2642,SCURVY
2643,Sebaceoma
2644,Sebaceous adenoma
2645,Sebaceous carcinoma
2646,Sebaceous cyst
2647,Sebaceous gland carcinoma of eyelid
2648,seborrheic dermatitis
2649,Seborrhoeic blepharitis
2650,seborrhoeic dermatitis
2651,Seborrhoeic eczema
2652,SECOND DEGREE CERVICAL DESCENT with CYSTOCELE2+ and RECTOCELE 3+
2653,second or third-degree AV block
2654,Secondary Adrenal Insufficiancy
2655,SECONDARY HYPERPARATHYROIDISM
2656,Secondary infection possibly leading to septic emboli
2657,SECONDARY INFERTILITY
2658,Secondary malignancies
2659,Secondary open angle glaucoma
2660,SECONDARY OSTEOMYELITIS
2661,Secretory carcinoma
2662,Seizure disorders
2663,"SEIZURE UNDER EVALUATION ,"
2664,selective IgA deficiency
2665,Semicircular lipoatrophy
2666,SEMINOMA
2667,Seminoma - Seminoma with syncytiotrophoblastic cel
2668,Sengers syndrome
2669,Senile Vaginitis
2670,sepsis
2671,septal abscess
2672,septal hematoma
2673,Septic Abortion
2674,septic shock
2675,serious neurological conditions
2676,Serotonin deficiency
2677,serous adenocarcinoma
2678,serous cystadenocarcinoma
2679,serous cystadenoma
2680,serous otitis media
2681,serrated adenoma
2682,Sertoli cell tumour - Sertoli cell tumour lipid ri
2683,"Sertoli cell tumour, Stromal-Leydig cell tumour"
2684,severe acute respiratory syndrome
2685,Severe Acute Respiratory Syndrome (SARS)
2686,severe combined immunodeficiency (SCID)
2687,severe congenital ichthyosis
2688,Severe dehydration
2689,Severe Dengue
2690,severe dental abscess
2691,severe hypertension
2692,Severe peripheral arterial disease
2693,Severe peripheral neuropathies
2694,severe pulmonary disease
2695,severe systemic candidiasis
2696,Sex cord/gonadal stromal tumour: Incompletely diff
2697,"Sex cord/gonadal stromal tumours, mixed forms - Ma"
2698,Shigellosis
2699,shock
2700,Short chain 3-Hydroxyacyl-CoA dehydrogenase defici
2701,Short QT syndrome
2702,short stature
2703,Sialadenitis
2704,Sialidosis
2705,Sialidosis; Muco2osis I
2706,Sialoblastoma
2707,sickle cell anemia
2708,signet ring cell carcinoma
2709,Signet-ring stromal tumour
2710,Silent thyroiditis
2711,Simple cyst
2712,SIMPLE CYSTIC DISEASE
2713,SIMPLE RENAL CYST
2714,Sindbis virus infection
2715,sinonasal undifferentiated carcinoma
2716,"Site-specific naevi: Acral, Genital, Meyerson naev"
2717,Sitosterolaemia
2718,Sjogren syndrome
2719,Sjögren syndrome
2720,Sjogren’s Syndrome
2721,skin
2722,Skin cancer lesions
2723,skin ulcers
2724,sleep paralysis
2725,small cell carcinoma
2726,SMALL CELL CARCINOMA OF LUNG
2727,Small cell carcinoma: Combined small cell carcinom
2728,small lymphocytic lymphoma
2729,Small pox
2730,Smith-Lemli-Opitz syndrome
2731,Smooth muscle tumour of uncertain malignant potent
2732,SNAKE BITE
2733,Sneddon syndrome
2734,Snyder-Robinson syndrome
2735,Soft tissue chondroma
2736,Soft-tissue sarcoma
2737,Solar urticaria
2738,SOLE TO PUBIC LENGTH INCREASED
2739,solid pseudo papillary carcinoma
2740,solid pseudopapillary neoplasm
2741,solid tumers
2742,Solitary fibrous tumour  and haemangiopericytoma (incl. lipomatous haemangiopericytoma)
2743,Some dehydration
2744,sotos syndrome
2745,Sparganosis
2746,spasticity of cerebral origin
2747,spasticity of spinal origin
2748,Spectacle-frame acanthoma
2749,Speech delay
2750,Spermatocytic seminoma - Spermatocytic seminoma wi
2751,Spider telangiectases
2752,Spina bifida ( Neural tube defect )
2753,Spinal cord compression
2754,Spinal Muscular Atrophies
2755,Spinal stenosis
2756,spindle cell oncocytoma of the adenohypophysis (wh
2757,spindle cell/pleomorphic lipoma
2758,Spiny keratoderma
2759,Spiradenocarcinoma
2760,Spiradenoma
2761,Spirillum minor rat-bite fever or sodoku
2762,Spirochaete infection
2763,Spitz naevus
2764,Spleen Abscess
2765,Spleen Infarction
2766,Spleen Rupture
2767,SPLENIC ARTERY ANEURYSM
2768,SPLENIC INFARCTION
2769,SPLENIC RUPTURE
2770,SPONDYLOEPIPHYSEAL DYSPLASIA
2771,SPONTANEOUS ABORTION
2772,SPONTANEOUS BACTERIAL PERITONITIS
2773,sporotrichosis
2774,Sporotrichosis
2775,Spotted fever group
2776,squamotransitional carcinoma
2777,Squamous carcinoma in situ
2778,squamous cell carcinoma
2779,Squamous cell carcinoma
2780,squamous cell carcinoma in situ
2781,squamous cell carcinoma nose and pns
2782,squamous cell carcinoma not otherwise specified
2783,squamous cell carcinoma of base of tongue
2784,Squamous cell carcinoma of conjunctiva
2785,Squamous cell carcinoma of eyelid
2786,SQUAMOUS CELL CARCINOMA OF LUNG
2787,"Squamous cell carcinoma: Papillary, Clear cell, Sm"
2788,"Squamous cell carcinoma: Verrucous carcinoma, Basa"
2789,"Squamous cell carcinomaL: Acantholytic, Spindle-ce"
2790,squamous cell papilloma
2791,squamous intraepithelial neoplasia
2792,squamous papilloma
2793,stable angina pectoris
2794,"stable angina,anginal attack"
2795,Stained Teeth
2796,stapes fixation
2797,staphylococcal infections
2798,Staphylococcal pneumonia and empyema
2799,Staphylococcal scalded skin syndrome
2800,STARGARDT DISEASE
2801,status epilepticus
2802,STEMI
2803,Steroid-modified tinea
2804,Steven-Johnson syndrome
2805,Stevens–Johnson syndrome/toxic epidermal necrolysi
2806,still-birth
2807,Stimulates prolactin secretion
2808,Streptocerciasis
2809,streptococcal
2810,Streptococcal toxic shock-like syndrome
2811,Streptococcal vulvovaginitis
2812,Striate (and focal) palmoplantar keratoderma(15959
2813,STRICTURE OF THE BILE DUCT
2814,Stromal sarcoma
2815,Stromal tumour of uncertain malignant potential 
2816,Stromal tumour with minor sex cord elements
2817,Strongyloidiasis
2818,Strongyloidiasis dermatology
2819,sturge weber syndrome
2820,Sturge-Weber Syndrome
2821,stye
2822,SUB CONJUNCTIVAL HAEMORRHAGE
2823,SUB PHRENIC ABSCESS
2824,Subacute cutaneous lupus erythematosus
2825,SUBACUTE HAEMATOGENOUS OSTEOMYELITIS
2826,SUBACUTE SCLEROSING PANENCEPHALITIS
2827,subacute thyroiditis
2828,Subarachnoid Hemorrhage
2829,Subcutaneous mycosis
2830,Subcutaneous sarcoidosis
2831,subependymal giant cell astrocytoma (who grade 1)
2832,subependymoma (who grade 1)
2833,Subglottic Haemangioma
2834,subglottic stenosis
2835,SUBLUXATED LENS
2836,submandibular abscess
2837,submandibular haematoma
2838,submandibular sialadenitis
2839,submucous fibrosis
2840,Subphrenic Abscess
2841,Succinic semialdehyde dehydrogenase (SSADH) defici
2842,Succinic semialdehyde dehydrogenase (SSADH) defici
2843,Succinyl CoA:3-oxoacid CoA transferase (SCOT) defi
2844,SUCLA2-& SUCLG1-related Mitochondrial DNA depletion syndrome (MDS)
2845,Sudden cardiac arrest
2846,Sudeck's osteodystrophy
2847,Sulfite oxidase deficiency
2848,sulfone allergy
2849,superficial candidiasis
2850,Superficial fibromatoses (palmar / plantar)
2851,Superficial migratory thrombophlebitis
2852,Superficial thrombophlebitis
2853,supraventricular tachycardia
2854,Surface papillary adenocarcinoma
2855,Surface papillary tumour
2856,Surface papilloma
2857,surgical - tb
2858,surgical anaesthesia
2859,Surgical caudal anaesthesia
2860,Susceptible bacterial infections
2861,sweet syndrome
2862,SWINE FLU
2863,Sycosis
2864,SYDENHAMS CHOREA
2865,Symblepharon
2866,Symmetrical drug-related intertriginous and flexur
2867,Sympathetic Ophthalmitis
2868,"Symptomatic relief of chronic, severe spasticity"
2869,"Symptomatic relief of pain, urinary frequency, and incontinence associated with inflammatory disorders of urinary tract"
2870,Syndactyly
2871,Syndrome of inappropriate diuresis
2872,Synovial chondromatosis
2873,Synovial sarcoma
2874,Syphilis
2875,Syringocystadenoma papilliferum
2876,Syringofibroadenoma
2877,Syringoma
2878,Syringomatous adenoma
2879,Syringomyelia
2880,Systemic candidosis
2881,systemic fungal infection
2882,SYSTEMIC LUPUS ERYTHEMATOSUS
2883,Systemic Primary Carnitine Deficiency
2884,Systemic Sclerosis
2885,Takayasu Arteritis
2886,Takayasu arteritis
2887,TANAPOX
2888,Tay syndrome
2889,tbm
2890,TEITZ SYNDROME
2891,TELANGIECTASES
2892,temporomandibular joint dysfunction
2893,Tendon xanthoma
2894,"Teratoma - Dermoid cyst - Monodermal teratoma, Ter"
2895,TERM/AGA
2896,"TERM/AGA/HIE-II ,"
2897,TERSION OF TESTIS
2898,TETANUS
2899,Tethered Cord
2900,Thalassemia
2901,THE CHOLECYSTOSES
2902,"Thecoma: not otherwise specified, Typical, Luteini"
2903,thickened respiratory-tract secretions
2904,third degree uterocervical descent
2905,THORACIC AORTIC ANEURYSMS
2906,Thoracic epidural block
2907,THORACIC SPINE  DISEASES
2908,THORNWALDT CYST
2909,Thromboangiitis obliterans
2910,Thromboangitis obliterans
2911,thrombocytopenia
2912,thrombocytopenia and leukopenia
2913,thrombocytopenic purpura
2914,thromboembolic complications
2915,thromboembolic disorders
2916,THROMBOPHLEBITIS
2917,Thrombophlebitis migrans
2918,Thrombotic complications
2919,thrombotic microangiopathy
2920,thrombotic thrombocytopenic purpura
2921,Thymic hypoplasia
2922,thyroglossal duct cyst
2923,thyroglossal fistula
2924,Thyroid cancer
2925,THYROID CYST
2926,thyroid disorder in pregnancy
2927,THYROID EYE DISEASE
2928,Thyroid Hormone Dysfunction
2929,THYROID INCIDENTALOMA 
2930,thyroid malignancy
2931,thyroiditis
2932,THYROTOXICOSIS
2933,Tick typhus dermatology
2934,Tinea barbae
2935,Tinea capitis dermatology
2936,Tinea corporis dermatology
2937,Tinea cruris
2938,Tinea cruris
2939,Tinea faciei
2940,Tinea manuum
2941,Tinea nigra
2942,Tinea pedis
2943,Tinea Versicolor
2944,tissue transplantation
2945,TM joint arthralgia
2946,T-NK lymphoma
2947,tof
2948,TOLOSA–HUNT SYNDROME
2949,tonsillar abscess
2950,tonsillar malignancy
2951,TORSION OF TESTIS
2952,TORSION OF THE GALL BLADDER
2953,Torsion or rupture of ovarian cyst
2954,TOTAL ANOMALOUS PULMONARY VENOUS DRAINAGE
2955,total anomalous pulmonary venous return
2956,Toxic erythema of chemotherapy
2957,Toxic erythema of the newborn
2958,Toxic megacolon
2959,toxocara endophthamitis
2960,Toxoplasmosis
2961,tracheal papillomatosis
2962,TRACHEITIS
2963,Trachoma
2964,Transaldolase deficiency
2965,Transfusion of Rh-incompatible blood
2966,Transient abnormalities in liver function
2967,Transient abnormalities in liver function tests
2968,Transient aquagenic keratoderma
2969,Transient disturbances in liver function tests
2970,transient tyrosinaemia
2971,Transitional cell carcinoma (non-Brenner type)
2972,transitional- cell carcinoma of the renal pelvis
2973,Transverse Myelitis
2974,TRAUMA TO THE GALL BLADDER AND EXTRAHEPATIC BILIAR
2975,Traumatic brain injury
2976,TRAUMATIC FAT NECROSIS
2977,Traumatic panniculitis
2978,Trench fever
2979,trench fever
2980,Trench foot
2981,trepanosomiasis
2982,Triad of coma
2983,Trichinellosis
2984,Trichinosis
2985,Trichoblastoma
2986,Trichodysplasia spinulosa
2987,Tricholemmoma
2988,Trichomoniasis
2989,Trichomycosis axillaris
2990,tricuspid atresia
2991,tricuspid regurgitation
2992,TRIGEMINAL NEURALGIA
2993,trigeminal schwannoma
2994,Trimethylaminuria
2995,Triosephosphate Isomerase deficiency
2996,Trophoblastic tumours - Choriocarcinoma - Trophobl
2997,TROPICAL PULMONARY EOSINOPHILIA
2998,Tropical Sprue
2999,Tropical ulcer
3000,Trypanosomiasis
3001,Trypansomiasis
3002,tubercular lymphadenopathy
3003,TUBERCULAR MENINGITIS
3004,TUBERCULOSIS
3005,Tuberculosis of Bones and Joints
3006,tuberculosis of nasopharynx
3007,TUBERCULOSIS OF THE HIP
3008,TUBERCULOSIS OF THE KNEE
3009,TUBERCULOSIS OF THE SPINE (Pott's disease)
3010,TUBERCULOSIS OF URINARY TRACT
3011,Tuberculosis with dyslipidemia
3012,Tuberous sclerosis
3013,Tuberous xanthoma
3014,TUBOTYMPANIC TYPE OF CSOM
3015,tubular carcinoid
3016,Tubular carcinoma
3017,Tubular papillary adenoma
3018,tubulointerstitial disease
3019,Tubulointerstitial Nephritis
3020,tubulopapillary adenoma
3021,tubulovillous adenoma
3022,Tularaemia
3023,tularemia
3024,Tumor lysis syndrome
3025,tumors
3026,Tumour pain
3027,Tumours containing both germ cell and sex cord/gon
3028,TUMOURS OF CHOROID
3029,TUMOURS OF CILIARY BODY
3030,TUMOURS OF IRIS
3031,TUMOURS OF PAROTID GLAND
3032,TUMOURS OF SUBMANDIBULAR GLAND
3033,tumours of the testis
3034,Turners syndrome
3035,Twisted Ovarian Cyst
3036,tympanosclerosis
3037,type 3 glycogen storage disease (debrancer  defici
3038,type 6 glycogen storage disease ( hers disease)
3039,"type 7 glycogen storage disease ( muscle phosphofructokinase dificency, tarui disease"
3040,Type I hyperlipoproteinaemia
3041,Type I hyperlipoproteinaemia
3042,Type IV hyperlipoproteinaemia
3043,Type V hyperlipoproteinaemia
3044,type2 glycogen storage disease (lysosomal acid alp
3045,"type4  glycogen storage disease (branching enzyme,"
3046,type5 glycogen storage disease (muscle phosphoryla
3047,TYPHOID FEVER
3048,typical abscence seizures
3049,Tyrosinaemia type-III
3050,"Tyrosinemia I,II,III"
3051,Ulcerated skin cancers
3052,Ulceration or perforation of the nasal septum
3053,Ulcerative Colitis
3054,ulcerative keratitis
3055,Umbilical granuloma
3056,Umbilical hernia
3057,under five wheezer
3058,undifferentiated (anaplastic) carcinoma
3059,UNDIFFERENTIATED CARCINOMA
3060,undifferentiated carcinoma with osteoclast-like gi
3061,undifferentiated endocervical sarcoma
3062,Undifferentiated endometrial sarcoma
3063,Undifferentiated ovarian sarcoma
3064,Unilateral naevoid telangiectasia syndrome
3065,Unilateral TM Joint Ankylosis
3066,unresectable or metastatic melanoma
3067,unresectable or metastatic melanoma  with BRAF V600E or V600K mutations
3068,unresectable or metastatic melanoma with BRAF V600E or V600K mutations
3069,UNSAFE EAR (ATTICOANTRAL)
3070,unstable angina
3071,Urea Cycle Defects
3072,Uremia
3073,URETERIC CALCULI
3074,URETEROCELE
3075,urethral discharge
3076,urethral pruritis
3077,URETRIC CALCULI
3078,URINARY FISTULA
3079,Urinary Tract Infection
3080,URINARY TRACT OBSTRUCTION
3081,Urocanase deficiency
3082,Urography
3083,Urothelial carcinoma in situ - Non-invasive papill
3084,Urothelial papilloma
3085,Uterine fibroids
3086,uterine prolapse
3087,uveitis
3088,VACCINIA
3089,Vaginal cancer
3090,vaginal candidiasis
3091,Vaginal Discharge
3092,vaginitis
3093,vallecular cyst
3094,VALVULAR HEART DISEASE
3095,Varicella zoster++
3096,VARICOCELE
3097,VARICOSE VEINS
3098,variegate porphyria
3099,varying degrees of renal failure
3100,vascular headache
3101,vasomotor rhinitis
3102,Venezuelan Equine Encephalomyelitis Virus Disease
3103,Veno Occlusive disease
3104,Veno-occlusive disease
3105,venous leg ulcers
3106,Venous or lymphatic obstruction
3107,VENTILATOR-ASSOCIATED PNEUMONIA
3108,Ventricular arrhythmias with thromboembolic disorders
3109,VENTRICULAR SEPTAL DEFECTS
3110,Verrucous carcinoma
3111,Verrucous haemangioma
3112,Vesicular stomatitis virus infection
3113,vestibular neuronitis
3114,Vestibular syndrome
3115,Vibrio vulnificus infections
3116,villoglandular adenocarcinoma
3117,vincents angina
3118,vincent's angina
3119,VIRAL CONJUNCTIVITIS
3120,VIRAL ENCEPHALITIS
3121,VIRAL ENCEPHALITIS
3122,Viral Esophagitis
3123,viral gastroenteritiss
3124,Virilism
3125,Visceral larva migrans
3126,visual disorders
3127,visual field constriction with a ring scotoma
3128,Vitamin B2 deficiency
3129,VITREOUS HAEMORRHAGE
3130,vocal cord palsy
3131,Vocal Polyp
3132,Vohwinkel syndrome and Bart–Pumphrey syndrome(1600
3133,Volkmann’s ischaemia
3134,Volkmann’s ischaemic contracture (VIC)
3135,von gierke disease
3136,von Hippel Lindau disease
3137,vsd
3138,Vulval intraepithelial neoplasia
3139,Vulval melanoma
3140,Vulval melanosis
3141,Vulval pain
3142,Vulvo-vaginal adenosis
3143,vulvovaginal candidiasis
3144,Vulvo-vaginal candidosis
3145,Waldenstrom's macroglobulinaemia
3146,WARTHIN TUMOUR
3147,Warty tuberculosis
3148,wegener's granulomatosis
3149,Whipple's disease
3150,White piedra
3151,White sponge naevus
3152,WHOOPING COUGH
3153,Williams syndrome
3154,WILMS TUMOR
3155,Wilms' tumour
3156,WILSONS DISEASE
3157,WILSON'S DISEASE
3158,Winchester syndrome
3159,WISKOTT-ALDRICH SYNDROME
3160,worsening of depression
3161,X linked agamaglobulinemia
3162,X linked lymphoproliferative disease
3163,Xanthelasma
3164,Xanthinuria
3165,X-Linked Chonsrodysplasia Punctata 2
3166,X-linked ichthyosis (XLI)
3167,Xp11 translocation carcinomas
3168,Yaws dermatology
3169,Yersiniosis
3170,Yolk sac tumor
3171,"Yolk sac tumour: Polyvesicular vitelline tumour, G"
3172,Zellweger Syndrome
3173,Zollinger- ellison syndrome
3174,Zoon’s vulvitis
3175,Zoster
